SEASON_YEAR;LEAGUE;DIV;SEASON TYPE;TEAM;ID;GP;MP;PT;DR;OR;RB;AS;ST;BS;TO;PF;EF;MPG;PPG;DRPG;ORPG;RPG;APG;SPG;BPG;TOPG;PFPG;EFPG;2PM;2PA;2P%;3PM;3PA;3P%;FGM;FGA;FG%;FTM;FTA;FT%;OPP_PPG;OPP_RPG;OPP_APG;OPP_SPG;OPP_BPG;OPP_2P%;OPP_3P%;OPP_FG%;OPP_FT%;WINS;PACE;PER;PIE;ORTG;DRTG;NRTG;TS%;PPP;AS_TO;EFG%;TOV%;ORB%;FT_RATE;OPP_EFG%;OPP_TOV%;OPP_ORB%;OPP_FT_RATE
20222023;NBBL;NBBL A;PLAYOFFS;Alba Berlin;20222023_NBBL_NBBL A_PLAYOFFS_Alba Berlin;6;1200;548;192;97;289;133;88;21;130;123;663;200.0;91;32.0;16;48;22.2;15;4;21.7;21;111;169;321;52.6;34;125;27.2;203;446;45.5;108;151;71.5;60.7;32.5;12.2;10.2;4.2;40.3;21.5;31.6;55.6;6.0;87.9;20.4;89.9;103.9;69.0;34.9;54.1;1.0;1.0;49.3;20.4;43.5;24.2;36.6;25.8;26.4;17.4
20222023;NBBL;NBBL A;PLAYOFFS;Bamberg freakcity academy;20222023_NBBL_NBBL A_PLAYOFFS_Bamberg freakcity academy;4;800;312;98;28;126;56;34;6;75;76;289;200.0;78;24.5;7;32;14.0;9;2;18.8;19;72;87;172;50.6;18;81;22.2;105;253;41.5;84;106;79.2;87.0;37.5;18.3;11.3;3.0;54.3;29.0;45.5;73.8;2.0;86.0;13.7;42.8;90.7;101.2;-10.5;52.8;0.9;0.7;45.1;20.2;20.1;33.2;50.5;19.7;28.5;20.6
20222023;NBBL;NBBL A;PLAYOFFS;Baskets Juniors Oldenburg;20222023_NBBL_NBBL A_PLAYOFFS_Baskets Juniors Oldenburg;2;400;141;42;16;58;27;13;7;39;51;125;200.0;71;21.0;8;29;13.5;7;4;19.5;26;63;51;87;58.6;5;37;13.5;56;124;45.2;24;38;63.2;99.0;31.0;21.0;8.0;3.0;66.2;37.5;53.5;64.1;0.0;80.9;11.8;27.4;87.2;122.4;-35.2;50.6;0.9;0.7;47.2;21.9;25.4;19.4;61.8;15.5;26.3;32.3
20222023;NBBL;NBBL A;PLAYOFFS;Baskets Paderborn;20222023_NBBL_NBBL A_PLAYOFFS_Baskets Paderborn;5;1000;418;115;49;164;123;50;22;77;116;477;200.0;84;23.0;10;33;24.6;10;4;15.4;23;95;135;237;57.0;26;113;23.0;161;350;46.0;70;104;67.3;91.2;41.0;12.4;8.4;2.4;52.2;34.8;45.2;72.3;2.0;83.8;18.9;50.5;99.8;108.9;-9.1;53.4;1.0;1.6;49.7;16.4;26.9;20.0;52.2;20.4;38.5;27.1
20222023;NBBL;NBBL A;PLAYOFFS;Bayer Giants Leverkusen;20222023_NBBL_NBBL A_PLAYOFFS_Bayer Giants Leverkusen;5;1000;370;113;72;185;82;65;21;117;122;329;200.0;74;22.6;14;37;16.4;13;4;23.4;24;66;99;191;51.8;31;157;19.7;130;348;37.4;79;138;57.2;77.6;36.6;13.8;12.8;2.4;48.2;27.0;40.6;71.6;2.0;85.5;12.7;43.4;86.5;90.7;-4.2;45.9;0.9;0.7;41.8;22.5;36.4;22.7;45.5;24.2;33.5;34.2
20222023;NBBL;NBBL A;PLAYOFFS;FC Bayern München;20222023_NBBL_NBBL A_PLAYOFFS_FC Bayern München;4;800;322;96;57;153;65;52;16;66;84;354;200.0;81;24.0;14;38;16.3;13;4;16.5;21;89;83;177;46.9;32;99;32.3;115;276;41.7;60;87;69.0;68.8;35.8;17.5;7.3;2.0;45.7;22.5;39.3;64.0;3.0;79.5;18.8;60.2;101.3;86.5;14.8;51.8;1.0;1.0;47.5;17.5;36.8;21.7;42.4;22.1;31.9;22.2
20222023;NBBL;NBBL A;PLAYOFFS;Hamburg Towers;20222023_NBBL_NBBL A_PLAYOFFS_Hamburg Towers;3;600;220;67;27;94;33;42;3;71;80;187;200.0;73;22.3;9;31;11.0;14;1;23.7;27;62;56;119;47.1;17;62;27.4;73;181;40.3;57;83;68.7;84.7;40.7;18.3;14.0;3.7;56.3;24.2;42.4;60.7;1.0;86.5;11.6;36.9;84.8;97.9;-13.1;51.4;0.8;0.5;45.0;24.9;26.2;31.5;47.6;22.2;40.7;25.7
20222023;NBBL;NBBL A;PLAYOFFS;Kickz IBAM;20222023_NBBL_NBBL A_PLAYOFFS_Kickz IBAM;2;400;167;49;24;73;36;16;2;37;38;167;200.0;84;24.5;12;37;18.0;8;1;18.5;19;84;46;97;47.4;13;30;43.3;59;127;46.5;36;58;62.1;92.5;30.0;21.5;6.5;2.5;58.3;35.9;47.8;69.6;0.0;83.6;16.9;46.2;99.9;110.7;-10.8;55.6;1.0;1.0;51.6;19.8;33.8;28.3;56.3;17.6;21.0;23.5
20222023;NBBL;NBBL A;PLAYOFFS;Medipolis SC Jena;20222023_NBBL_NBBL A_PLAYOFFS_Medipolis SC Jena;3;600;236;79;27;106;45;29;5;66;66;220;200.0;79;26.3;9;35;15.0;10;2;22.0;22;73;65;125;52.0;19;75;25.3;84;200;42.0;49;68;72.1;83.7;32.0;13.3;10.0;1.7;55.6;22.6;44.7;80.2;1.0;84.9;13.6;44.4;92.6;98.5;-5.9;51.9;0.9;0.7;46.8;22.5;26.7;24.5;48.4;18.7;21.8;36.7
20222023;NBBL;NBBL A;PLAYOFFS;Niners Chemnitz Academy;20222023_NBBL_NBBL A_PLAYOFFS_Niners Chemnitz Academy;2;400;107;37;14;51;20;18;6;58;36;36;200.0;54;18.5;7;26;10.0;9;3;29.0;18;18;30;74;40.5;9;54;16.7;39;128;30.5;20;39;51.3;109.5;57.5;26.5;19.5;5.0;60.0;26.3;52.4;75.0;0.0;93.6;2.4;-4.4;57.2;117.0;-59.8;37.3;0.6;0.3;34.0;28.8;15.7;15.6;55.4;18.8;51.9;19.6
20222023;NBBL;NBBL A;PLAYOFFS;Porsche BBA Ludwigsburg;20222023_NBBL_NBBL A_PLAYOFFS_Porsche BBA Ludwigsburg;5;1000;417;113;39;152;93;40;10;91;113;421;200.0;83;22.6;8;30;18.6;8;2;18.2;23;84;95;171;55.6;53;153;34.6;148;324;45.7;68;92;73.9;80.4;34.4;15.4;7.8;1.8;51.3;28.4;46.2;69.1;3.0;78.8;17.6;49.3;105.8;102.0;3.8;57.8;1.1;1.0;53.9;20.1;25.0;21.0;49.3;17.7;32.7;34.0
20222023;NBBL;NBBL A;PLAYOFFS;ratiopharm Ulm;20222023_NBBL_NBBL A_PLAYOFFS_ratiopharm Ulm;2;400;131;40;23;63;28;15;6;37;42;121;200.0;66;20.0;12;32;14.0;8;3;18.5;21;61;36;74;48.6;10;41;24.4;46;115;40.0;29;45;64.4;72.0;34.0;13.5;12.0;3.0;44.7;31.0;39.8;71.2;0.0;70.4;13.7;39.7;93.0;102.2;-9.2;49.2;0.9;0.8;44.3;21.8;35.4;25.2;45.3;17.3;39.4;31.4
20222023;NBBL;NBBL A;PLAYOFFS;ROTH Energie BBA Giessen 46ers;20222023_NBBL_NBBL A_PLAYOFFS_ROTH Energie BBA Giessen 46ers;2;400;140;32;25;57;13;14;4;42;41;110;200.0;70;16.0;13;29;6.5;7;2;21.0;21;55;39;75;52.0;6;35;17.1;45;110;40.9;44;55;80.0;88.5;31.0;17.0;16.0;4.0;62.2;32.6;52.0;67.3;0.0;72.6;12.4;27.1;96.5;122.0;-25.5;53.0;1.0;0.3;43.6;24.1;40.3;40.0;57.6;16.2;43.9;26.4
20222023;NBBL;NBBL A;PLAYOFFS;Team Urspring;20222023_NBBL_NBBL A_PLAYOFFS_Team Urspring;6;1200;473;127;69;196;92;65;17;84;120;510;200.0;79;21.2;12;33;15.3;11;3;14.0;20;85;141;256;55.1;26;113;23.0;167;369;45.3;113;160;70.6;75.0;34.8;12.7;8.7;2.5;51.8;25.8;41.4;76.7;4.0;74.8;19.6;57.0;105.4;100.3;5.1;54.6;1.1;1.1;48.8;16.2;34.3;30.6;46.6;21.2;37.7;26.3
20222023;NBBL;NBBL A;PLAYOFFS;UBC Münster;20222023_NBBL_NBBL A_PLAYOFFS_UBC Münster;3;600;252;67;34;101;31;24;4;64;53;224;200.0;84;22.3;11;34;10.3;8;1;21.3;18;75;72;138;52.2;21;59;35.6;93;197;47.2;45;65;69.2;94.7;32.7;27.0;10.3;4.7;64.5;29.5;54.0;64.0;1.0;82.7;15.1;36.7;101.6;114.5;-12.9;56.5;1.0;0.5;52.5;22.3;32.7;22.8;58.4;15.6;29.5;23.8
20222023;NBBL;NBBL A;PLAYOFFS;Young Rasta Dragons;20222023_NBBL_NBBL A_PLAYOFFS_Young Rasta Dragons;6;1200;555;177;89;266;102;53;26;108;110;608;200.0;93;29.5;15;44;17.0;9;4;18.0;18;101;121;224;54.0;64;196;32.7;185;420;44.0;121;172;70.3;69.0;32.3;17.3;9.8;3.0;49.0;18.8;38.1;68.6;5.0;82.2;20.7;67.9;112.5;83.9;28.6;56.8;1.1;0.9;51.7;18.1;40.1;28.8;41.5;18.9;25.6;17.5
20222023;NBBL;NBBL A;REGULAR SEASON;Alba Berlin;20222023_NBBL_NBBL A_REGULAR SEASON_Alba Berlin;14;2800;1372;377;219;596;340;262;32;318;282;1653;200.0;98;26.9;16;43;24.3;19;2;22.7;20;118;443;756;58.6;90;304;29.6;533;1060;50.3;216;320;67.5;64.8;29.8;13.0;11.0;2.2;47.8;24.0;38.5;59.2;13.0;89.9;22.6;84.3;109.0;72.0;36.9;57.7;1.1;1.1;54.5;21.1;43.8;20.4;43.2;31.4;26.5;22.7
20222023;NBBL;NBBL A;REGULAR SEASON;ART Giants Düsseldorf;20222023_NBBL_NBBL A_REGULAR SEASON_ART Giants Düsseldorf;13;2600;735;273;135;408;142;110;23;380;299;440;200.0;57;21.0;10;31;10.9;8;2;29.2;23;34;219;489;44.8;54;270;20.0;273;759;36.0;135;247;54.7;99.2;40.9;21.2;17.5;2.9;62.3;26.6;51.0;60.1;0.0;86.0;5.3;5.2;65.8;115.3;-49.6;42.8;0.7;0.4;39.5;30.7;28.4;17.8;55.2;17.4;41.2;21.3
20222023;NBBL;NBBL A;REGULAR SEASON;Bamberg freakcity academy;20222023_NBBL_NBBL A_REGULAR SEASON_Bamberg freakcity academy;11;2200;923;264;102;366;169;82;23;234;188;899;200.0;84;24.0;9;33;15.4;7;2;21.3;17;82;267;476;56.1;53;173;30.6;320;649;49.3;230;331;69.5;87.0;32.2;16.0;11.3;2.4;53.9;33.0;45.0;68.2;6.0;82.7;16.9;52.4;101.4;105.2;-3.7;59.1;1.0;0.7;53.4;23.0;30.8;35.4;52.1;18.8;32.1;19.0
20222023;NBBL;NBBL A;REGULAR SEASON;Baskets Paderborn;20222023_NBBL_NBBL A_REGULAR SEASON_Baskets Paderborn;14;2800;1120;275;140;415;293;171;26;258;316;1152;200.0;80;19.6;10;30;20.9;12;2;18.4;23;82;294;586;50.2;105;330;31.8;399;916;43.6;217;315;68.9;77.7;36.4;15.3;10.7;3.0;53.8;26.5;44.3;65.9;9.0;80.6;17.7;52.5;99.2;96.4;2.8;53.7;1.0;1.1;49.3;19.8;29.7;23.7;48.9;23.5;39.2;27.4
20222023;NBBL;NBBL A;REGULAR SEASON;Bayer Giants Leverkusen;20222023_NBBL_NBBL A_REGULAR SEASON_Bayer Giants Leverkusen;14;2800;1128;338;185;523;210;148;55;273;323;1103;200.0;81;24.1;13;37;15.0;11;4;19.5;23;79;293;539;54.4;94;356;26.4;387;895;43.2;260;440;59.1;73.7;32.5;15.1;9.1;2.5;46.6;27.7;40.0;69.5;7.0;81.0;16.8;57.7;99.4;91.0;8.5;52.7;1.0;0.8;48.5;20.3;38.2;29.1;44.8;22.5;31.6;28.8
20222023;NBBL;NBBL A;REGULAR SEASON;Berlin Braves Baskets;20222023_NBBL_NBBL A_REGULAR SEASON_Berlin Braves Baskets;12;2400;741;288;142;430;134;108;37;262;233;618;200.0;62;24.0;12;36;11.2;9;3;21.8;19;52;223;492;45.3;41;245;16.7;264;737;35.8;172;269;63.9;79.2;38.9;15.2;12.3;2.8;49.7;28.2;41.0;64.5;3.0;79.5;10.0;32.0;77.6;99.5;-21.9;43.9;0.8;0.5;38.6;23.7;31.6;23.3;46.7;18.0;35.7;18.9
20222023;NBBL;NBBL A;REGULAR SEASON;Eintracht Frankfurt;20222023_NBBL_NBBL A_REGULAR SEASON_Eintracht Frankfurt;13;2650;885;332;136;468;123;94;39;323;247;734;203.8;68;25.5;10;36;9.5;7;3;24.8;19;56;245;491;49.9;63;258;24.4;308;749;41.1;206;317;65.0;80.9;31.0;15.2;13.7;3.5;50.5;31.5;43.5;72.6;1.0;79.7;10.7;34.8;83.8;99.6;-15.8;50.5;0.8;0.4;45.3;26.9;31.3;27.5;49.3;18.1;23.9;24.2
20222023;NBBL;NBBL A;REGULAR SEASON;FC Bayern München;20222023_NBBL_NBBL A_REGULAR SEASON_FC Bayern München;14;2800;1096;318;153;471;231;163;45;259;310;1167;200.0;78;22.7;11;34;16.5;12;3;18.5;22;83;306;569;53.8;100;324;30.9;406;893;45.5;184;277;66.4;69.1;29.4;14.3;9.3;1.9;49.6;28.3;41.6;65.3;10.0;77.7;18.0;59.0;100.7;89.0;11.8;54.6;1.0;0.9;51.1;20.5;34.7;20.6;46.9;24.5;27.9;28.6
20222023;NBBL;NBBL A;REGULAR SEASON;Hamburg Towers;20222023_NBBL_NBBL A_REGULAR SEASON_Hamburg Towers;13;2600;1024;318;158;476;196;170;23;301;274;953;200.0;79;24.5;12;37;15.1;13;2;23.2;21;73;282;580;48.6;91;318;28.6;372;898;41.4;187;296;63.2;76.0;38.2;17.1;12.7;4.3;49.7;27.8;41.9;67.7;5.0;86.2;14.3;47.4;91.4;88.1;3.2;50.4;0.9;0.7;46.5;22.8;31.9;20.8;46.9;24.4;33.3;20.0
20222023;NBBL;NBBL A;REGULAR SEASON;Kickz IBAM;20222023_NBBL_NBBL A_REGULAR SEASON_Kickz IBAM;13;2600;987;319;129;448;195;127;33;240;256;969;200.0;76;24.5;10;34;15.0;10;3;18.5;20;75;259;521;49.7;99;309;32.0;358;830;43.1;172;281;61.2;75.2;35.8;15.5;8.6;2.4;52.9;29.4;42.8;63.4;8.0;80.3;15.6;51.1;94.6;93.7;0.9;52.4;0.9;0.8;49.1;20.3;28.4;20.7;49.1;22.7;30.3;21.7
20222023;NBBL;NBBL A;REGULAR SEASON;Medipolis SC Jena;20222023_NBBL_NBBL A_REGULAR SEASON_Medipolis SC Jena;14;2800;1065;324;122;446;180;151;29;278;259;1008;200.0;76;23.1;9;32;12.9;11;2;19.9;19;72;272;516;52.7;100;352;28.4;372;868;42.9;221;310;71.3;75.4;33.8;14.1;9.1;2.0;53.6;29.8;44.3;63.7;6.0;80.4;15.2;51.4;94.6;93.7;0.9;53.7;0.9;0.6;48.6;21.9;26.3;25.5;50.1;22.7;28.9;22.2
20222023;NBBL;NBBL A;REGULAR SEASON;Porsche BBA Ludwigsburg;20222023_NBBL_NBBL A_REGULAR SEASON_Porsche BBA Ludwigsburg;14;2850;1105;301;159;460;261;141;54;295;305;1089;203.6;79;21.5;11;33;18.6;10;4;21.1;22;78;265;500;53.0;137;448;30.6;402;948;42.4;164;255;64.3;80.9;35.9;15.4;10.9;2.4;52.0;28.2;46.3;68.4;6.0;80.7;15.9;46.0;96.1;98.5;-2.4;52.6;1.0;0.9;49.6;21.9;32.0;17.3;49.7;21.9;35.3;29.1
20222023;NBBL;NBBL A;REGULAR SEASON;Team Urspring;20222023_NBBL_NBBL A_REGULAR SEASON_Team Urspring;13;2650;997;310;133;443;234;156;39;269;261;1074;203.8;77;23.8;10;34;18.0;12;3;20.7;20;83;283;561;50.4;88;249;35.3;371;810;45.8;167;254;65.7;68.2;30.2;14.7;10.8;2.8;47.9;26.8;39.3;66.4;11.0;77.4;17.3;61.0;97.2;86.5;10.7;54.7;1.0;0.9;51.2;22.8;34.0;20.6;44.8;24.5;30.2;23.8
20222023;NBBL;NBBL A;REGULAR SEASON;Tornados Franken;20222023_NBBL_NBBL A_REGULAR SEASON_Tornados Franken;14;2800;1044;295;132;427;203;159;16;265;296;944;200.0;75;21.1;9;31;14.5;11;1;18.9;21;67;261;510;51.2;101;386;26.2;362;896;40.4;219;325;67.4;76.2;37.4;15.0;7.8;3.6;56.8;27.8;45.8;63.4;5.0;81.0;14.4;45.1;92.0;94.1;-2.0;50.9;0.9;0.8;46.0;20.5;25.8;24.4;51.1;24.1;32.6;21.0
20222023;NBBL;NBBL A;REGULAR SEASON;UBC Münster;20222023_NBBL_NBBL A_REGULAR SEASON_UBC Münster;14;2800;1043;320;134;454;184;145;26;326;295;905;200.0;75;22.9;10;32;13.1;10;2;23.3;21;65;314;623;50.4;79;292;27.1;393;915;43.0;178;277;64.3;84.6;41.2;17.8;13.0;3.4;55.0;24.5;45.5;58.9;5.0;85.0;12.4;37.8;87.6;99.5;-11.9;50.8;0.9;0.6;47.3;24.1;27.1;19.5;49.4;19.7;40.4;18.4
20222023;NBBL;NBBL A;REGULAR SEASON;Young Rasta Dragons;20222023_NBBL_NBBL A_REGULAR SEASON_Young Rasta Dragons;14;2800;1221;391;207;598;229;173;86;273;295;1361;200.0;87;27.9;15;43;16.4;12;6;19.5;21;97;342;614;55.7;97;381;25.5;439;995;44.1;246;363;67.8;67.5;31.9;13.7;9.5;1.9;44.2;23.1;37.4;64.4;12.0;85.0;19.2;71.3;102.6;79.4;23.2;53.5;1.0;0.8;49.0;19.3;39.1;24.7;41.1;23.3;24.1;22.6
20222023;NBBL;NBBL B;PLAY-DOWN;Basketball Löwen Erfurt;20222023_NBBL_NBBL B_PLAY-DOWN_Basketball Löwen Erfurt;6;1200;540;159;58;217;90;72;21;107;121;564;200.0;90;26.5;10;36;15.0;12;4;17.8;20;94;165;289;57.1;44;147;29.9;209;436;47.9;78;120;65.0;79.8;36.8;13.2;10.0;1.7;50.8;28.5;41.9;70.5;4.0;86.2;18.1;57.9;104.4;92.6;11.8;55.8;1.0;0.8;53.0;18.1;27.6;17.9;47.6;21.6;30.3;20.8
20222023;NBBL;NBBL B;PLAY-DOWN;BBA Hagen;20222023_NBBL_NBBL B_PLAY-DOWN_BBA Hagen;5;1000;410;118;53;171;69;36;15;56;72;429;200.0;82;23.6;11;34;13.8;7;3;11.2;14;86;115;209;55.0;33;102;32.4;148;311;47.6;81;134;60.4;70.2;33.6;14.0;6.4;2.2;52.8;27.4;40.9;46.4;4.0;72.2;20.7;64.2;113.5;97.2;16.3;56.2;1.1;1.2;52.9;13.3;33.5;26.0;47.3;16.3;34.8;9.5
20222023;NBBL;NBBL B;PLAY-DOWN;Metropol Baskets Ruhr;20222023_NBBL_NBBL B_PLAY-DOWN_Metropol Baskets Ruhr;8;1600;595;205;121;326;114;64;20;174;173;565;200.0;74;25.6;15;41;14.3;8;3;21.8;22;71;165;311;53.1;50;216;23.1;215;527;40.8;115;183;62.8;79.4;32.0;9.1;13.3;1.5;50.5;32.2;43.5;62.9;2.0;80.3;13.7;45.9;92.7;98.9;-6.2;49.6;0.9;0.7;45.5;22.5;40.5;21.8;49.6;18.2;27.6;21.3
20222023;NBBL;NBBL B;PLAY-DOWN;Mitteldeutsche Basketball Academy;20222023_NBBL_NBBL B_PLAY-DOWN_Mitteldeutsche Basketball Academy;8;1600;494;196;99;295;70;74;15;143;152;376;200.0;62;24.5;12;37;8.8;9;2;17.9;19;47;143;353;40.5;45;207;21.7;188;560;33.6;73;130;56.2;82.3;43.1;14.4;8.3;2.8;55.2;25.0;42.9;68.7;0.0;80.0;9.0;24.5;77.2;102.9;-25.6;40.4;0.8;0.5;37.6;18.9;28.7;13.0;48.0;16.4;33.6;20.1
20222023;NBBL;NBBL B;PLAY-DOWN;Orange Academy;20222023_NBBL_NBBL B_PLAY-DOWN_Orange Academy;8;1600;708;193;78;271;132;89;18;130;153;760;200.0;89;24.1;10;34;16.5;11;2;16.3;19;95;199;379;52.5;63;169;37.3;262;548;47.8;121;163;74.2;75.1;36.6;14.5;9.6;3.0;47.5;27.1;39.8;67.4;6.0;81.3;19.6;59.9;108.8;92.4;16.4;57.7;1.1;1.0;53.6;17.5;28.7;22.1;44.9;20.3;33.9;21.9
20222023;NBBL;NBBL B;PLAY-DOWN;Phoenix Hagen;20222023_NBBL_NBBL B_PLAY-DOWN_Phoenix Hagen;7;1400;545;196;70;266;95;70;11;146;97;509;200.0;78;28.0;10;38;13.6;10;2;20.9;14;73;148;301;49.2;50;178;28.1;198;479;41.3;99;150;66.0;84.1;39.9;15.1;11.7;3.0;51.5;25.7;41.1;65.1;4.0;86.5;13.7;47.7;90.0;97.2;-7.3;50.6;0.9;0.7;46.6;21.3;27.0;20.7;46.3;16.1;31.5;12.7
20222023;NBBL;NBBL B;PLAY-DOWN;RheinStars Köln;20222023_NBBL_NBBL B_PLAY-DOWN_RheinStars Köln;8;1600;458;200;79;279;70;56;18;196;116;354;200.0;57;25.0;10;35;8.8;7;2;24.5;15;44;156;332;47.0;25;128;19.5;181;460;39.3;71;123;57.7;86.4;35.1;18.4;15.0;2.0;56.7;30.5;46.2;63.9;0.0;77.9;7.8;24.0;73.5;110.9;-37.4;45.0;0.7;0.4;42.1;27.8;30.2;15.4;52.3;14.5;32.9;13.3
20222023;NBBL;NBBL B;PLAY-DOWN;Rostock Seawolves;20222023_NBBL_NBBL B_PLAY-DOWN_Rostock Seawolves;8;1600;619;190;81;271;105;76;13;101;164;549;200.0;77;23.8;10;34;13.1;10;2;12.6;21;69;154;331;46.5;68;265;25.7;222;596;37.2;107;167;64.1;82.1;44.5;12.8;7.0;3.9;53.5;24.6;44.5;64.4;3.0;83.1;14.1;41.9;93.1;98.9;-5.7;46.7;0.9;1.0;43.0;13.2;23.3;18.0;48.3;17.6;31.9;19.9
20222023;NBBL;NBBL B;PLAY-DOWN;Sartorius Juniors;20222023_NBBL_NBBL B_PLAY-DOWN_Sartorius Juniors;8;1600;680;225;93;318;127;69;19;114;154;771;200.0;85;28.1;12;40;15.9;9;2;14.3;19;96;177;292;60.6;84;271;31.0;261;563;46.4;74;100;74.0;68.0;31.0;11.1;7.8;1.3;46.2;25.5;38.0;58.3;7.0;76.3;20.3;66.6;111.5;89.2;22.3;56.4;1.1;1.1;53.8;15.9;35.0;13.1;43.1;17.0;25.0;21.6
20222023;NBBL;NBBL B;PLAY-DOWN;SG Junior Löwen Braunschweig;20222023_NBBL_NBBL B_PLAY-DOWN_SG Junior Löwen Braunschweig;6;1200;518;159;70;229;64;61;20;91;136;484;200.0;86;26.5;12;38;10.7;10;3;15.2;23;81;154;294;52.4;36;135;26.7;190;429;44.3;102;180;56.7;81.3;36.7;16.7;9.7;2.8;49.2;27.4;40.9;58.5;4.0;84.3;16.4;53.3;102.4;96.5;5.9;51.7;1.0;0.7;48.5;15.4;33.7;23.8;46.1;17.9;34.0;21.7
20222023;NBBL;NBBL B;PLAY-DOWN;Team Bonn/Rhöndorf;20222023_NBBL_NBBL B_PLAY-DOWN_Team Bonn/Rhöndorf;8;1600;595;212;91;303;126;83;19;151;177;570;200.0;74;26.5;11;38;15.8;10;2;18.9;22;71;142;311;45.7;62;240;25.8;204;551;37.0;125;183;68.3;78.4;39.1;15.9;9.4;3.0;49.1;27.3;41.2;62.8;2.0;83.3;13.6;45.3;89.3;94.1;-4.8;47.7;0.9;0.8;42.6;19.5;28.9;22.7;46.2;18.5;29.6;22.5
20222023;NBBL;NBBL B;PLAY-DOWN;TS Jahn München;20222023_NBBL_NBBL B_PLAY-DOWN_TS Jahn München;8;1600;548;233;102;335;124;89;28;138;116;575;200.0;69;29.1;13;42;15.5;11;4;17.3;15;72;163;349;46.7;51;232;22.0;214;581;36.8;69;113;61.1;62.5;40.0;11.5;9.4;3.3;45.6;19.5;35.6;60.0;6.0;80.3;13.9;57.9;85.3;77.8;7.5;43.8;0.9;0.9;41.2;18.1;30.9;11.9;39.3;20.7;28.3;12.6
20222023;NBBL;NBBL B;PLAY-DOWN;USC Heidelberg;20222023_NBBL_NBBL B_PLAY-DOWN_USC Heidelberg;8;1600;530;181;92;273;83;99;27;137;136;476;200.0;66;22.6;12;34;10.4;12;3;17.1;17;60;160;356;44.9;37;183;20.2;197;539;36.5;99;156;63.5;71.5;42.9;15.0;8.6;3.4;48.7;28.0;41.9;59.0;2.0;79.2;12.4;41.6;83.6;90.2;-6.6;44.1;0.8;0.6;40.0;18.6;28.1;18.4;46.5;22.9;37.4;14.9
20222023;NBBL;NBBL B;PLAY-DOWN;VfL Kirchheim Knights;20222023_NBBL_NBBL B_PLAY-DOWN_VfL Kirchheim Knights;8;1600;575;223;91;314;128;90;13;166;157;625;200.0;72;27.9;11;39;16.0;11;2;20.8;20;78;181;319;56.7;49;181;27.1;230;500;46.0;66;125;52.8;58.6;31.0;9.1;10.8;2.3;45.4;18.0;35.8;54.9;6.0;76.7;15.6;68.7;93.7;76.4;17.3;52.3;0.9;0.8;50.9;23.2;35.0;13.2;39.0;21.6;26.2;19.8
20222023;NBBL;NBBL B;PLAY-DOWN;Würzburg Baskets Akademie;20222023_NBBL_NBBL B_PLAY-DOWN_Würzburg Baskets Akademie;8;1600;669;207;111;318;134;88;28;135;149;715;200.0;84;25.9;14;40;16.8;11;4;16.9;19;89;189;348;54.3;65;227;28.6;254;575;44.2;96;162;59.3;70.1;35.6;14.5;9.1;1.4;47.1;27.2;41.0;65.2;7.0;81.7;18.2;61.8;102.4;85.9;16.5;52.3;1.0;1.0;49.8;17.4;35.7;16.7;45.2;23.2;29.1;17.7
20222023;NBBL;NBBL B;PLAY-DOWN;Young Gladiators Trier;20222023_NBBL_NBBL B_PLAY-DOWN_Young Gladiators Trier;8;1600;548;198;93;291;118;73;15;151;105;508;200.0;69;24.8;12;36;14.8;9;2;18.9;13;64;167;348;48.0;45;187;24.1;212;535;39.6;79;142;55.6;76.3;37.6;15.5;11.5;2.5;55.5;26.6;44.6;64.9;3.0;79.5;13.0;42.9;86.2;95.9;-9.7;46.3;0.9;0.8;43.8;20.3;30.3;14.8;49.6;19.9;30.5;13.3
20222023;NBBL;NBBL B;REGULAR SEASON;Basketball Löwen Erfurt;20222023_NBBL_NBBL B_REGULAR SEASON_Basketball Löwen Erfurt;8;1600;622;172;82;254;108;130;32;192;155;618;200.0;78;21.5;10;32;13.5;16;4;24.0;19;77;196;344;57.0;54;184;29.3;250;528;47.3;68;126;54.0;70.0;34.8;10.1;10.9;1.6;48.0;33.5;43.1;60.3;5.0;84.8;15.3;58.9;91.7;82.5;9.1;53.8;0.9;0.6;52.5;24.9;29.7;12.9;48.8;29.6;32.8;17.5
20222023;NBBL;NBBL B;REGULAR SEASON;Baskets Juniors Oldenburg;20222023_NBBL_NBBL B_REGULAR SEASON_Baskets Juniors Oldenburg;14;2800;1159;351;195;546;222;178;45;224;282;1265;200.0;83;25.1;14;39;15.9;13;3;16.0;20;90;397;717;55.4;59;300;19.7;456;1017;44.8;188;288;65.3;70.7;31.4;11.2;7.6;2.9;51.4;26.9;42.4;67.0;12.0;80.4;18.9;61.0;102.9;87.9;15.0;51.2;1.0;1.0;47.7;16.5;37.1;18.5;47.3;22.9;23.9;23.5
20222023;NBBL;NBBL B;REGULAR SEASON;BBA Hagen;20222023_NBBL_NBBL B_REGULAR SEASON_BBA Hagen;7;1425;541;172;73;245;72;67;25;102;112;511;203.6;77;24.6;10;35;10.3;10;4;14.6;16;73;136;271;50.2;47;181;26.0;183;452;40.5;128;196;65.3;75.1;40.3;15.3;8.6;3.0;52.4;23.1;38.5;70.3;5.0;77.1;16.3;53.4;98.4;95.7;2.7;51.0;1.0;0.7;45.7;16.1;29.2;28.3;44.0;18.3;37.9;15.3
20222023;NBBL;NBBL B;REGULAR SEASON;Dresden Titans;20222023_NBBL_NBBL B_REGULAR SEASON_Dresden Titans;14;2800;1093;349;148;497;150;88;26;279;212;989;200.0;78;24.9;11;36;10.7;6;2;19.9;15;71;287;572;50.2;90;289;31.1;377;861;43.8;249;351;70.9;81.5;31.1;13.4;11.6;2.8;56.3;27.0;45.3;68.4;7.0;79.8;14.7;47.7;97.8;102.1;-4.3;54.6;1.0;0.5;49.0;21.8;32.5;28.9;50.4;16.2;26.8;15.7
20222023;NBBL;NBBL B;REGULAR SEASON;Eisbären Bremerhaven;20222023_NBBL_NBBL B_REGULAR SEASON_Eisbären Bremerhaven;12;2475;948;332;147;479;187;114;46;213;207;1003;206.3;79;27.7;12;40;15.6;10;4;17.8;17;84;296;598;49.5;71;240;29.6;367;838;43.8;143;230;62.2;78.8;37.8;15.7;8.8;2.0;49.6;28.0;41.6;60.0;7.0;79.7;16.6;53.0;96.1;95.9;0.2;51.0;1.0;0.9;48.0;18.6;32.5;17.1;46.8;17.6;31.0;15.2
20222023;NBBL;NBBL B;REGULAR SEASON;HAKRO Merlins Crailsheim;20222023_NBBL_NBBL B_REGULAR SEASON_HAKRO Merlins Crailsheim;14;2800;1060;330;144;474;206;148;39;274;243;1020;200.0;76;23.6;10;34;14.7;11;3;19.6;17;73;237;519;45.7;148;402;36.8;385;921;41.8;142;239;59.4;77.6;38.0;15.4;10.4;3.1;56.5;24.7;43.0;63.8;7.0;80.1;15.4;46.8;94.6;96.9;-2.3;52.1;0.9;0.8;49.8;21.2;29.0;15.4;48.3;20.1;35.3;18.0
20222023;NBBL;NBBL B;REGULAR SEASON;Metropol Baskets Ruhr;20222023_NBBL_NBBL B_REGULAR SEASON_Metropol Baskets Ruhr;8;1650;679;240;109;349;164;73;29;193;193;738;206.3;85;30.0;14;44;20.5;9;4;24.1;24;92;201;360;55.8;58;205;28.3;259;565;45.8;103;160;64.4;76.0;34.5;12.0;14.1;2.3;48.2;21.3;37.3;63.8;4.0;84.3;16.4;60.3;97.6;87.4;10.2;54.0;1.0;0.8;51.0;23.5;37.5;18.2;41.6;19.1;28.1;26.8
20222023;NBBL;NBBL B;REGULAR SEASON;Mitteldeutsche Basketball Academy;20222023_NBBL_NBBL B_REGULAR SEASON_Mitteldeutsche Basketball Academy;8;1600;516;139;62;201;71;64;23;172;142;394;200.0;65;17.4;8;25;8.9;8;3;21.5;18;49;153;311;49.2;42;151;27.8;195;462;42.2;84;126;66.7;87.5;37.8;13.1;11.0;2.0;55.7;34.7;48.2;66.3;0.0;77.5;10.4;28.3;83.2;112.9;-29.7;50.4;0.8;0.4;46.8;25.1;24.7;18.2;54.4;19.4;44.8;19.4
20222023;NBBL;NBBL B;REGULAR SEASON;Niners Chemnitz Academy;20222023_NBBL_NBBL B_REGULAR SEASON_Niners Chemnitz Academy;13;2600;1174;342;148;490;182;128;16;207;243;1197;200.0;90;26.3;11;38;14.0;10;1;15.9;19;92;328;553;59.3;119;379;31.4;447;932;48.0;161;262;61.5;79.5;35.7;11.9;7.7;3.1;52.4;26.5;44.7;62.7;8.0;82.8;19.1;58.6;109.0;96.0;13.0;56.6;1.1;0.9;54.3;16.6;32.2;17.3;48.7;19.5;30.8;18.9
20222023;NBBL;NBBL B;REGULAR SEASON;Orange Academy;20222023_NBBL_NBBL B_REGULAR SEASON_Orange Academy;8;1600;539;200;84;284;102;95;15;165;117;472;200.0;67;25.0;11;36;12.8;12;2;20.6;15;59;155;368;42.1;39;168;23.2;194;536;36.2;112;168;66.7;79.6;41.0;18.4;12.0;5.5;52.7;29.7;43.8;50.8;2.0;83.3;11.7;38.4;80.9;95.6;-14.7;44.7;0.8;0.6;39.8;21.5;27.5;20.9;49.6;20.0;34.6;11.3
20222023;NBBL;NBBL B;REGULAR SEASON;Phoenix Hagen;20222023_NBBL_NBBL B_REGULAR SEASON_Phoenix Hagen;7;1400;487;171;48;219;97;63;10;137;105;444;200.0;70;24.4;7;31;13.9;9;1;19.6;15;63;115;227;50.7;58;200;29.0;173;427;40.5;83;124;66.9;81.1;39.1;14.3;9.9;3.3;51.7;25.6;42.4;74.6;1.0;80.2;13.0;43.2;86.7;101.2;-14.4;51.1;0.9;0.7;47.3;22.3;20.8;19.4;46.9;17.4;34.7;18.6
20222023;NBBL;NBBL B;REGULAR SEASON;ratiopharm Ulm;20222023_NBBL_NBBL B_REGULAR SEASON_ratiopharm Ulm;14;2800;1227;380;184;564;259;169;60;234;212;1447;200.0;88;27.1;13;40;18.5;12;4;16.7;15;103;366;639;57.3;107;345;31.0;473;984;48.1;174;261;66.7;66.1;33.4;14.2;9.8;2.1;42.9;28.9;37.7;56.5;14.0;78.8;22.2;69.9;111.2;83.9;27.4;56.4;1.1;1.1;53.5;17.7;38.0;17.7;43.0;20.6;30.7;12.6
20222023;NBBL;NBBL B;REGULAR SEASON;RheinStars Köln;20222023_NBBL_NBBL B_REGULAR SEASON_RheinStars Köln;10;2000;602;241;133;374;83;82;20;271;197;395;200.0;60;24.1;13;37;8.3;8;2;27.1;20;40;191;451;42.4;43;188;22.9;234;639;36.6;91;181;50.3;86.4;40.8;15.9;16.2;4.3;51.6;27.8;44.4;60.6;0.0;83.4;6.7;15.3;72.2;103.6;-31.4;42.3;0.7;0.3;40.0;27.6;34.7;14.2;48.6;17.1;39.6;17.5
20222023;NBBL;NBBL B;REGULAR SEASON;Rostock Seawolves;20222023_NBBL_NBBL B_REGULAR SEASON_Rostock Seawolves;10;2000;722;209;110;319;118;108;19;186;214;577;200.0;72;20.9;11;32;11.8;11;2;18.6;21;58;164;344;47.7;85;362;23.5;249;706;35.3;139;205;67.8;83.8;44.3;16.7;10.7;3.3;57.9;27.8;47.4;57.6;2.0;83.7;11.8;31.2;86.3;100.1;-13.9;45.8;0.9;0.6;41.3;19.1;25.9;19.7;52.2;21.7;38.2;20.4
20222023;NBBL;NBBL B;REGULAR SEASON;ROTH Energie BBA Giessen 46ers;20222023_NBBL_NBBL B_REGULAR SEASON_ROTH Energie BBA Giessen 46ers;14;2800;1194;358;221;579;244;173;42;271;300;1289;200.0;85;25.6;16;41;17.4;12;3;19.4;21;92;385;698;55.2;87;340;25.6;472;1038;45.5;163;269;60.6;71.4;31.8;12.6;10.3;2.9;46.4;28.8;39.9;69.1;10.0;82.6;18.5;61.5;103.3;86.4;16.9;52.1;1.0;0.9;49.7;19.1;41.7;15.7;45.2;23.4;27.5;24.1
20222023;NBBL;NBBL B;REGULAR SEASON;Sartorius Juniors;20222023_NBBL_NBBL B_REGULAR SEASON_Sartorius Juniors;8;1625;662;177;116;293;93;70;20;123;148;635;203.1;83;22.1;15;37;11.6;9;3;15.4;19;79;187;347;53.9;64;225;28.4;251;572;43.9;96;155;61.9;79.4;31.3;10.1;6.9;2.0;52.8;33.9;46.3;57.2;5.0;75.5;17.9;53.3;107.9;103.5;4.4;52.2;1.1;0.8;49.5;16.2;41.4;16.8;52.1;17.5;32.7;19.3
20222023;NBBL;NBBL B;REGULAR SEASON;SG Junior Löwen Braunschweig;20222023_NBBL_NBBL B_REGULAR SEASON_SG Junior Löwen Braunschweig;9;1825;700;196;109;305;84;83;17;185;166;618;202.8;78;21.8;12;34;9.3;9;2;20.6;18;69;241;443;54.4;50;165;30.3;291;608;47.9;68;137;49.6;84.1;33.2;13.8;12.7;2.8;58.7;28.4;48.6;65.1;3.0;79.6;14.2;40.5;96.3;104.2;-7.8;52.8;1.0;0.5;52.0;21.8;36.1;11.2;53.3;20.2;35.1;18.5
20222023;NBBL;NBBL B;REGULAR SEASON;Team Bonn/Rhöndorf;20222023_NBBL_NBBL B_REGULAR SEASON_Team Bonn/Rhöndorf;10;2025;766;262;115;377;113;119;35;201;228;698;202.5;77;26.2;12;38;11.3;12;4;20.1;23;70;202;414;48.8;62;262;23.7;264;676;39.1;176;275;64.0;72.1;38.9;11.6;9.9;2.5;48.1;21.7;41.0;53.0;6.0;84.3;13.5;54.6;89.7;84.4;5.3;48.7;0.9;0.6;43.6;20.4;29.7;26.0;43.9;21.6;30.9;20.0
20222023;NBBL;NBBL B;REGULAR SEASON;Team Südhessen;20222023_NBBL_NBBL B_REGULAR SEASON_Team Südhessen;14;2800;1109;361;188;549;206;180;72;257;262;1219;200.0;79;25.8;13;39;14.7;13;5;18.4;19;87;364;679;53.6;76;303;25.1;440;982;44.8;153;251;61.0;71.1;36.2;11.1;10.1;4.2;44.4;27.7;38.9;66.9;9.0;81.6;17.6;61.1;97.1;87.2;9.9;51.2;1.0;0.8;48.7;19.2;35.7;15.6;43.5;22.6;31.8;20.5
20222023;NBBL;NBBL B;REGULAR SEASON;TS Jahn München;20222023_NBBL_NBBL B_REGULAR SEASON_TS Jahn München;10;2000;715;235;111;346;150;122;33;188;160;665;200.0;72;23.5;11;35;15.0;12;3;18.8;16;67;181;376;48.1;83;317;26.2;264;693;38.1;104;188;55.3;76.5;38.9;16.4;10.3;2.9;51.6;29.6;42.7;63.5;4.0;82.8;13.8;43.8;86.4;92.4;-6.0;46.5;0.9;0.8;44.1;19.7;28.1;15.0;48.7;22.8;30.9;17.2
20222023;NBBL;NBBL B;REGULAR SEASON;USC Heidelberg;20222023_NBBL_NBBL B_REGULAR SEASON_USC Heidelberg;10;2000;784;230;125;355;136;149;36;188;182;789;200.0;78;23.0;13;36;13.6;15;4;18.8;18;79;226;486;46.5;65;212;30.7;291;698;41.7;137;213;64.3;72.3;39.0;13.0;8.9;2.9;49.2;30.2;43.6;52.0;6.0;83.2;16.4;57.5;94.2;86.9;7.3;50.1;0.9;0.7;46.3;19.4;31.9;19.6;48.1;25.3;34.8;16.5
20222023;NBBL;NBBL B;REGULAR SEASON;VfL Kirchheim Knights;20222023_NBBL_NBBL B_REGULAR SEASON_VfL Kirchheim Knights;9;1800;577;246;88;334;126;81;25;199;159;566;200.0;64;27.3;10;37;14.0;9;3;22.1;18;63;187;368;50.8;46;193;23.8;233;561;41.5;65;115;56.5;72.0;39.7;13.1;12.9;2.9;47.5;22.7;38.6;59.6;2.0;80.0;11.6;44.3;80.1;90.0;-9.9;47.5;0.8;0.6;45.6;24.7;26.7;11.6;42.6;18.4;32.0;18.4
20222023;NBBL;NBBL B;REGULAR SEASON;Würzburg Baskets Akademie;20222023_NBBL_NBBL B_REGULAR SEASON_Würzburg Baskets Akademie;9;1800;650;267;136;403;135;57;25;150;153;630;200.0;72;29.7;15;45;15.0;6;3;16.7;17;70;170;380;44.7;65;258;25.2;235;638;36.8;115;202;56.9;73.8;39.7;15.1;9.6;2.6;47.2;28.3;39.9;55.5;4.0;79.3;14.2;46.6;91.1;93.0;-2.0;45.2;0.9;0.9;41.9;17.3;35.7;18.0;45.4;16.1;29.6;13.5
20222023;NBBL;NBBL B;REGULAR SEASON;Young Gladiators Trier;20222023_NBBL_NBBL B_REGULAR SEASON_Young Gladiators Trier;10;2025;682;235;115;350;119;73;21;206;175;565;202.5;68;23.5;12;35;11.9;7;2;20.6;18;57;207;432;47.9;45;187;24.1;252;619;40.7;133;240;55.4;87.7;41.9;16.3;12.9;3.0;57.6;26.4;47.3;60.0;2.0;80.0;11.4;32.2;84.2;108.3;-24.1;47.7;0.8;0.6;44.3;22.4;30.3;21.5;51.6;17.1;39.7;16.8
20222023;NBBL;NBBL A;SEASON;Alba Berlin;20222023_NBBL_NBBL A_SEASON_Alba Berlin;20;4000;1920;569;316;885;473;350;53;448;405;2316;200.0;96;28.5;16;44;23.7;18;3;22.4;20;116;612;1077;56.8;124;429;28.9;736;1506;48.9;324;471;68.8;63.6;30.6;12.8;10.8;2.8;45.6;23.1;36.3;58.2;19.0;89.3;21.3;85.8;107.5;71.1;36.3;56.7;1.1;1.1;53.0;20.9;43.7;21.5;41.0;29.7;26.5;21.0
20222023;NBBL;NBBL A;SEASON;ART Giants Düsseldorf;20222023_NBBL_NBBL A_SEASON_ART Giants Düsseldorf;13;2600;735;273;135;408;142;110;23;380;299;440;200.0;57;21.0;10;31;10.9;8;2;29.2;23;34;219;489;44.8;54;270;20.0;273;759;36.0;135;247;54.7;99.2;40.9;21.2;17.5;2.9;62.3;26.6;51.0;60.1;0.0;86.0;5.0;5.2;65.8;115.3;-49.6;42.8;0.7;0.4;39.5;30.7;28.4;17.8;55.2;17.4;41.2;21.3
20222023;NBBL;NBBL A;SEASON;Bamberg freakcity academy;20222023_NBBL_NBBL A_SEASON_Bamberg freakcity academy;15;3000;1235;362;130;492;225;116;29;309;264;1188;200.0;82;24.1;9;33;15.0;8;2;20.6;18;79;354;648;54.6;71;254;28.0;425;902;47.1;314;437;71.9;87.0;33.6;16.6;11.3;2.5;54.0;32.1;45.2;69.7;8.0;83.6;15.5;49.8;98.5;104.1;-5.6;57.3;1.0;0.7;51.1;22.3;27.7;34.8;51.6;19.0;31.2;19.5
20222023;NBBL;NBBL A;SEASON;Baskets Juniors Oldenburg;20222023_NBBL_NBBL A_SEASON_Baskets Juniors Oldenburg;16;3200;1300;393;211;604;249;191;52;263;333;1390;200.0;81;24.6;13;38;15.6;12;3;16.4;21;87;448;804;55.7;64;337;19.0;512;1141;44.9;212;326;65.0;74.3;31.4;12.4;7.6;2.9;53.2;28.5;43.8;66.5;12.0;80.5;17.6;56.4;101.0;92.3;8.7;51.1;1.0;0.9;47.7;17.1;35.9;18.6;49.2;22.0;24.1;24.7
20222023;NBBL;NBBL A;SEASON;Baskets Paderborn;20222023_NBBL_NBBL A_SEASON_Baskets Paderborn;19;3800;1538;390;189;579;416;221;48;335;432;1629;200.0;81;20.5;10;30;21.9;12;3;17.6;23;86;429;823;52.1;131;443;29.6;560;1266;44.2;287;419;68.5;81.3;37.6;14.5;10.1;2.8;53.4;29.1;44.6;67.6;11.0;81.5;17.5;51.9;99.4;99.7;-0.4;53.6;1.0;1.2;49.4;18.9;28.9;22.7;49.8;22.6;39.0;27.3
20222023;NBBL;NBBL A;SEASON;Bayer Giants Leverkusen;20222023_NBBL_NBBL A_SEASON_Bayer Giants Leverkusen;19;3800;1498;451;257;708;292;213;76;390;445;1432;200.0;79;23.7;14;37;15.4;11;4;20.5;23;75;392;730;53.7;125;513;24.4;517;1243;41.6;339;578;58.7;74.7;33.6;14.7;10.1;2.5;47.1;27.5;40.1;70.1;9.0;82.3;15.2;54.2;95.8;90.8;5.0;50.8;1.0;0.7;46.6;20.9;37.7;27.3;45.0;22.9;32.1;30.2
20222023;NBBL;NBBL A;SEASON;Berlin Braves Baskets;20222023_NBBL_NBBL A_SEASON_Berlin Braves Baskets;12;2400;741;288;142;430;134;108;37;262;233;618;200.0;62;24.0;12;36;11.2;9;3;21.8;19;52;223;492;45.3;41;245;16.7;264;737;35.8;172;269;63.9;79.2;38.9;15.2;12.3;2.8;49.7;28.2;41.0;64.5;3.0;79.5;9.6;32.0;77.6;99.5;-21.9;43.9;0.8;0.5;38.6;23.7;31.6;23.3;46.7;18.0;35.7;18.9
20222023;NBBL;NBBL A;SEASON;Eintracht Frankfurt;20222023_NBBL_NBBL A_SEASON_Eintracht Frankfurt;13;2650;885;332;136;468;123;94;39;323;247;734;203.8;68;25.5;10;36;9.5;7;3;24.8;19;56;245;491;49.9;63;258;24.4;308;749;41.1;206;317;65.0;80.9;31.0;15.2;13.7;3.5;50.5;31.5;43.5;72.6;1.0;79.7;10.3;34.8;83.8;99.6;-15.8;50.5;0.8;0.4;45.3;26.9;31.3;27.5;49.3;18.1;23.9;24.2
20222023;NBBL;NBBL A;SEASON;FC Bayern München;20222023_NBBL_NBBL A_SEASON_FC Bayern München;18;3600;1418;414;210;624;296;215;61;325;394;1521;200.0;79;23.0;12;35;16.4;12;3;18.1;22;85;389;746;52.1;132;423;31.2;521;1169;44.6;244;364;67.0;69.1;30.8;15.0;8.8;1.9;48.5;27.2;41.0;65.1;13.0;78.1;17.6;59.3;100.9;88.4;12.4;53.9;1.0;0.9;50.2;19.8;35.2;20.9;45.8;23.9;28.9;27.0
20222023;NBBL;NBBL A;SEASON;Hamburg Towers;20222023_NBBL_NBBL A_SEASON_Hamburg Towers;16;3200;1244;385;185;570;229;212;26;372;354;1140;200.0;78;24.1;12;36;14.3;13;2;23.3;22;71;338;699;48.4;108;380;28.4;445;1079;41.2;244;379;64.4;77.6;38.7;17.3;12.9;4.2;50.9;27.0;42.0;65.9;6.0;86.3;13.3;45.7;90.1;90.0;0.1;50.5;0.9;0.6;46.2;23.2;30.9;22.6;47.0;23.9;34.7;21.2
20222023;NBBL;NBBL A;SEASON;Kickz IBAM;20222023_NBBL_NBBL A_SEASON_Kickz IBAM;15;3000;1154;368;153;521;231;143;35;277;294;1136;200.0;77;24.5;10;35;15.4;10;2;18.5;20;76;305;618;49.4;112;339;33.0;417;957;43.6;208;339;61.4;77.5;35.0;16.3;8.3;2.4;53.6;30.4;43.5;64.3;8.0;80.7;15.3;50.3;95.4;96.1;-0.7;52.8;1.0;0.8;49.4;20.2;29.1;21.7;50.2;22.0;29.2;22.0
20222023;NBBL;NBBL A;SEASON;Medipolis SC Jena;20222023_NBBL_NBBL A_SEASON_Medipolis SC Jena;17;3400;1301;403;149;552;225;180;34;344;325;1228;200.0;77;23.7;9;32;13.2;11;2;20.2;19;72;337;641;52.6;119;427;27.9;456;1068;42.7;270;378;71.4;76.8;33.5;13.9;9.3;1.9;54.0;28.6;44.4;67.4;7.0;81.2;14.4;50.0;94.3;94.6;-0.4;53.4;0.9;0.7;48.3;22.0;26.4;25.3;49.8;22.0;27.6;24.8
20222023;NBBL;NBBL A;SEASON;Niners Chemnitz Academy;20222023_NBBL_NBBL A_SEASON_Niners Chemnitz Academy;15;3000;1281;379;162;541;202;146;22;265;279;1233;200.0;85;25.3;11;36;13.5;10;1;17.7;19;82;358;627;57.1;128;433;29.6;486;1060;45.8;181;301;60.1;83.5;38.6;13.9;9.3;3.3;53.7;26.5;45.9;64.4;8.0;84.2;16.3;50.2;101.4;99.2;2.2;54.3;1.0;0.8;51.9;18.3;29.5;17.1;49.7;19.4;33.6;19.0
20222023;NBBL;NBBL A;SEASON;Porsche BBA Ludwigsburg;20222023_NBBL_NBBL A_SEASON_Porsche BBA Ludwigsburg;19;3850;1522;414;198;612;354;181;64;386;418;1510;202.6;80;21.8;10;32;18.6;10;3;20.3;22;79;360;671;53.7;190;601;31.6;550;1272;43.2;232;347;66.9;80.8;35.5;15.4;10.1;2.3;51.8;28.2;46.2;68.6;9.0;80.2;15.9;46.9;98.6;99.4;-0.8;53.9;1.0;0.9;50.7;21.5;30.3;18.2;49.6;20.9;34.6;30.4
20222023;NBBL;NBBL A;SEASON;ratiopharm Ulm;20222023_NBBL_NBBL A_SEASON_ratiopharm Ulm;16;3200;1358;420;207;627;287;184;66;271;254;1568;200.0;85;26.3;13;39;17.9;12;4;16.9;16;98;402;713;56.4;117;386;30.3;519;1099;47.2;203;306;66.3;66.8;33.5;14.1;10.1;2.3;43.1;29.1;38.0;59.4;14.0;77.8;20.8;67.1;109.2;85.9;23.2;55.6;1.1;1.1;52.5;18.2;37.7;18.5;43.3;20.2;31.6;14.7
20222023;NBBL;NBBL A;SEASON;ROTH Energie BBA Giessen 46ers;20222023_NBBL_NBBL A_SEASON_ROTH Energie BBA Giessen 46ers;16;3200;1334;390;246;636;257;187;46;313;341;1399;200.0;83;24.4;15;40;16.1;12;3;19.6;21;87;424;773;54.9;93;375;24.8;517;1148;45.0;207;324;63.9;73.5;31.7;13.1;11.0;3.1;48.5;29.2;41.4;68.8;10.0;81.3;17.5;57.2;102.6;90.4;12.1;52.2;1.0;0.8;49.1;19.7;41.6;18.0;46.8;22.6;29.2;24.4
20222023;NBBL;NBBL A;SEASON;Team Urspring;20222023_NBBL_NBBL A_SEASON_Team Urspring;19;3850;1470;437;202;639;326;221;56;353;381;1584;202.6;77;23.0;11;34;17.2;12;3;18.6;20;83;424;817;51.9;114;362;31.5;538;1179;45.6;280;414;67.6;70.4;31.6;14.1;10.1;2.7;49.1;26.5;40.0;69.7;15.0;76.6;17.5;59.6;99.7;90.7;9.0;54.7;1.0;0.9;50.5;20.8;34.1;23.7;45.3;23.5;32.6;24.6
20222023;NBBL;NBBL A;SEASON;Tornados Franken;20222023_NBBL_NBBL A_SEASON_Tornados Franken;14;2800;1044;295;132;427;203;159;16;265;296;944;200.0;75;21.1;9;31;14.5;11;1;18.9;21;67;261;510;51.2;101;386;26.2;362;896;40.4;219;325;67.4;76.2;37.4;15.0;7.8;3.6;56.8;27.8;45.8;63.4;5.0;81.0;13.9;45.1;92.0;94.1;-2.0;50.9;0.9;0.8;46.0;20.5;25.8;24.4;51.1;24.1;32.6;21.0
20222023;NBBL;NBBL A;SEASON;UBC Münster;20222023_NBBL_NBBL A_SEASON_UBC Münster;17;3400;1295;387;168;555;215;169;30;390;348;1129;200.0;76;22.8;10;33;12.6;10;2;22.9;20;66;386;761;50.7;100;351;28.5;486;1112;43.7;223;342;65.2;86.4;39.7;19.4;12.5;3.6;56.6;25.3;46.9;59.8;6.0;84.6;12.5;37.6;90.0;102.1;-12.1;51.8;0.9;0.6;48.2;23.8;28.1;20.1;50.9;19.0;38.8;19.3
20222023;NBBL;NBBL A;SEASON;Young Rasta Dragons;20222023_NBBL_NBBL A_SEASON_Young Rasta Dragons;20;4000;1776;568;296;864;331;226;112;381;405;1969;200.0;89;28.4;15;43;16.6;11;6;19.1;20;98;463;838;55.3;161;577;27.9;624;1415;44.1;367;535;68.6;68.0;32.0;14.8;9.6;2.2;45.7;21.6;37.6;65.4;17.0;84.2;19.1;70.2;105.5;80.7;24.8;54.5;1.1;0.9;49.8;19.0;39.4;25.9;41.2;22.0;24.6;21.0
20222023;NBBL;NBBL B;SEASON;Basketball Löwen Erfurt;20222023_NBBL_NBBL B_SEASON_Basketball Löwen Erfurt;14;2800;1162;331;140;471;198;202;53;299;276;1182;200.0;83;23.6;10;34;14.1;14;4;21.4;20;84;361;633;57.0;98;331;29.6;459;964;47.6;146;246;59.3;74.2;35.6;11.4;10.5;1.6;49.2;31.0;42.6;65.0;9.0;85.4;16.1;58.4;97.1;86.9;10.3;54.7;1.0;0.7;52.7;22.0;28.8;15.1;48.2;26.2;31.6;19.0
20222023;NBBL;NBBL B;SEASON;Baskets Juniors Oldenburg;20222023_NBBL_NBBL B_SEASON_Baskets Juniors Oldenburg;16;3200;1300;393;211;604;249;191;52;263;333;1390;200.0;81;24.6;13;38;15.6;12;3;16.4;21;87;448;804;55.7;64;337;19.0;512;1141;44.9;212;326;65.0;74.3;31.4;12.4;7.6;2.9;53.2;28.5;43.8;66.5;12.0;80.5;17.4;56.4;101.0;92.3;8.7;51.1;1.0;0.9;47.7;17.1;35.9;18.6;49.2;22.0;24.1;24.7
20222023;NBBL;NBBL B;SEASON;BBA Hagen;20222023_NBBL_NBBL B_SEASON_BBA Hagen;12;2425;951;290;126;416;141;103;40;158;184;940;202.1;79;24.2;11;35;11.8;9;3;13.2;15;78;251;480;52.3;80;283;28.3;331;763;43.4;209;330;63.3;73.1;37.5;14.8;7.7;2.7;52.6;24.8;39.5;61.1;9.0;75.1;17.6;58.1;104.4;96.3;8.1;53.1;1.0;0.9;48.6;15.0;30.9;27.4;45.3;17.5;36.7;13.0
20222023;NBBL;NBBL B;SEASON;Dresden Titans;20222023_NBBL_NBBL B_SEASON_Dresden Titans;14;2800;1093;349;148;497;150;88;26;279;212;989;200.0;78;24.9;11;36;10.7;6;2;19.9;15;71;287;572;50.2;90;289;31.1;377;861;43.8;249;351;70.9;81.5;31.1;13.4;11.6;2.8;56.3;27.0;45.3;68.4;7.0;79.8;14.2;47.7;97.8;102.1;-4.3;54.6;1.0;0.5;49.0;21.8;32.5;28.9;50.4;16.2;26.8;15.7
20222023;NBBL;NBBL B;SEASON;Eisbären Bremerhaven;20222023_NBBL_NBBL B_SEASON_Eisbären Bremerhaven;12;2475;948;332;147;479;187;114;46;213;207;1003;206.3;79;27.7;12;40;15.6;10;4;17.8;17;84;296;598;49.5;71;240;29.6;367;838;43.8;143;230;62.2;78.8;37.8;15.7;8.8;2.0;49.6;28.0;41.6;60.0;7.0;79.7;16.1;53.0;96.1;95.9;0.2;51.0;1.0;0.9;48.0;18.6;32.5;17.1;46.8;17.6;31.0;15.2
20222023;NBBL;NBBL B;SEASON;HAKRO Merlins Crailsheim;20222023_NBBL_NBBL B_SEASON_HAKRO Merlins Crailsheim;14;2800;1060;330;144;474;206;148;39;274;243;1020;200.0;76;23.6;10;34;14.7;11;3;19.6;17;73;237;519;45.7;148;402;36.8;385;921;41.8;142;239;59.4;77.6;38.0;15.4;10.4;3.1;56.5;24.7;43.0;63.8;7.0;80.1;14.8;46.8;94.6;96.9;-2.3;52.1;0.9;0.8;49.8;21.2;29.0;15.4;48.3;20.1;35.3;18.0
20222023;NBBL;NBBL B;SEASON;Metropol Baskets Ruhr;20222023_NBBL_NBBL B_SEASON_Metropol Baskets Ruhr;16;3250;1274;445;230;675;278;137;49;367;366;1303;203.1;80;27.8;14;42;17.4;9;3;22.9;23;81;366;671;54.5;108;421;25.7;474;1092;43.4;218;343;63.6;77.7;33.3;10.6;13.7;1.9;49.3;26.5;40.3;63.4;6.0;82.4;14.7;53.5;95.2;92.9;2.3;51.8;1.0;0.8;48.4;23.0;39.0;20.0;45.5;18.6;27.9;24.1
20222023;NBBL;NBBL B;SEASON;Mitteldeutsche Basketball Academy;20222023_NBBL_NBBL B_SEASON_Mitteldeutsche Basketball Academy;16;3200;1010;335;161;496;141;138;38;315;294;770;200.0;63;20.9;10;31;8.8;9;2;19.7;18;48;296;664;44.6;87;358;24.3;383;1022;37.5;157;256;61.3;84.9;40.4;13.8;9.6;2.4;55.5;29.4;45.5;67.5;0.0;78.7;9.4;26.5;80.2;107.8;-27.6;44.9;0.8;0.4;41.7;21.9;27.0;15.4;51.1;17.9;38.8;19.8
20222023;NBBL;NBBL B;SEASON;Niners Chemnitz Academy;20222023_NBBL_NBBL B_SEASON_Niners Chemnitz Academy;15;3000;1281;379;162;541;202;146;22;265;279;1233;200.0;85;25.3;11;36;13.5;10;1;17.7;19;82;358;627;57.1;128;433;29.6;486;1060;45.8;181;301;60.1;83.5;38.6;13.9;9.3;3.3;53.7;26.5;45.9;64.4;8.0;84.2;16.1;50.2;101.4;99.2;2.2;54.3;1.0;0.8;51.9;18.3;29.5;17.1;49.7;19.4;33.6;19.0
20222023;NBBL;NBBL B;SEASON;Orange Academy;20222023_NBBL_NBBL B_SEASON_Orange Academy;16;3200;1247;393;162;555;234;184;33;295;270;1232;200.0;78;24.6;10;35;14.6;12;2;18.4;17;77;354;747;47.4;102;337;30.3;456;1084;42.1;233;331;70.4;77.4;38.8;16.4;10.8;4.3;50.1;28.5;41.9;60.4;8.0;82.3;15.2;50.0;94.7;94.0;0.7;51.3;0.9;0.8;46.8;19.5;28.0;21.5;47.3;20.2;34.3;16.4
20222023;NBBL;NBBL B;SEASON;Phoenix Hagen;20222023_NBBL_NBBL B_SEASON_Phoenix Hagen;14;2800;1032;367;118;485;192;133;21;283;202;953;200.0;74;26.2;8;35;13.7;10;2;20.2;14;68;263;528;49.8;108;378;28.6;371;906;40.9;182;274;66.4;82.6;39.5;14.7;10.8;3.1;51.6;25.6;41.7;70.2;5.0;83.4;13.0;45.5;88.4;99.1;-10.7;50.8;0.9;0.7;46.9;21.8;24.1;20.1;46.6;16.7;33.0;15.5
20222023;NBBL;NBBL B;SEASON;ratiopharm Ulm;20222023_NBBL_NBBL B_SEASON_ratiopharm Ulm;16;3200;1358;420;207;627;287;184;66;271;254;1568;200.0;85;26.3;13;39;17.9;12;4;16.9;16;98;402;713;56.4;117;386;30.3;519;1099;47.2;203;306;66.3;66.8;33.5;14.1;10.1;2.3;43.1;29.1;38.0;59.4;14.0;77.8;20.5;67.1;109.2;85.9;23.2;55.6;1.1;1.1;52.5;18.2;37.7;18.5;43.3;20.2;31.6;14.7
20222023;NBBL;NBBL B;SEASON;RheinStars Köln;20222023_NBBL_NBBL B_SEASON_RheinStars Köln;18;3600;1060;441;212;653;153;138;38;467;313;749;200.0;59;24.5;12;36;8.5;8;2;25.9;17;42;347;783;44.3;68;316;21.5;415;1099;37.8;162;304;53.3;86.4;38.3;17.0;15.7;3.3;53.7;29.2;45.2;61.8;0.0;80.9;6.9;19.6;72.7;106.7;-34.0;43.4;0.7;0.3;40.9;27.7;32.9;14.7;50.2;16.0;36.7;15.7
20222023;NBBL;NBBL B;SEASON;Rostock Seawolves;20222023_NBBL_NBBL B_SEASON_Rostock Seawolves;18;3600;1341;399;191;590;223;184;32;287;378;1126;200.0;75;22.2;11;33;12.4;10;2;15.9;21;63;318;675;47.1;153;627;24.4;471;1302;36.2;246;372;66.1;83.1;44.4;14.9;9.1;3.6;55.8;26.4;46.1;60.4;5.0;83.4;12.5;36.1;89.3;99.6;-10.3;46.2;0.9;0.8;42.1;16.5;24.7;18.9;50.4;19.9;35.3;20.2
20222023;NBBL;NBBL B;SEASON;ROTH Energie BBA Giessen 46ers;20222023_NBBL_NBBL B_SEASON_ROTH Energie BBA Giessen 46ers;16;3200;1334;390;246;636;257;187;46;313;341;1399;200.0;83;24.4;15;40;16.1;12;3;19.6;21;87;424;773;54.9;93;375;24.8;517;1148;45.0;207;324;63.9;73.5;31.7;13.1;11.0;3.1;48.5;29.2;41.4;68.8;10.0;81.3;17.3;57.2;102.6;90.4;12.1;52.2;1.0;0.8;49.1;19.7;41.6;18.0;46.8;22.6;29.2;24.4
20222023;NBBL;NBBL B;SEASON;Sartorius Juniors;20222023_NBBL_NBBL B_SEASON_Sartorius Juniors;16;3225;1342;402;209;611;220;139;39;237;302;1406;201.6;84;25.1;13;38;13.8;9;2;14.8;19;88;364;639;57.0;148;496;29.8;512;1135;45.1;170;255;66.7;73.7;31.1;10.6;7.3;1.6;49.7;29.4;42.2;57.8;12.0;75.9;18.6;60.2;109.6;96.3;13.3;54.2;1.1;0.9;51.6;16.1;38.3;15.0;47.6;17.3;28.6;20.4
20222023;NBBL;NBBL B;SEASON;SG Junior Löwen Braunschweig;20222023_NBBL_NBBL B_SEASON_SG Junior Löwen Braunschweig;15;3025;1218;355;179;534;148;144;37;276;302;1102;201.7;81;23.7;12;36;9.9;10;2;18.4;20;73;395;737;53.6;86;300;28.7;481;1037;46.4;170;317;53.6;83.0;34.6;14.9;11.5;2.8;54.9;27.9;45.4;61.9;7.0;81.5;14.7;45.3;98.8;101.0;-2.2;52.3;1.0;0.5;50.5;19.2;35.1;16.4;50.3;19.3;34.6;19.8
20222023;NBBL;NBBL B;SEASON;Team Bonn/Rhöndorf;20222023_NBBL_NBBL B_SEASON_Team Bonn/Rhöndorf;18;3625;1361;474;206;680;239;202;54;352;405;1268;201.4;76;26.3;11;38;13.3;11;3;19.6;23;70;344;725;47.4;124;502;24.7;468;1227;38.1;301;458;65.7;74.9;39.0;13.5;9.7;2.7;48.5;24.6;41.1;57.2;8.0;83.9;13.2;49.9;89.5;88.7;0.9;48.3;0.9;0.7;43.2;20.0;29.3;24.5;44.9;20.2;30.3;21.2
20222023;NBBL;NBBL B;SEASON;Team Südhessen;20222023_NBBL_NBBL B_SEASON_Team Südhessen;14;2800;1109;361;188;549;206;180;72;257;262;1219;200.0;79;25.8;13;39;14.7;13;5;18.4;19;87;364;679;53.6;76;303;25.1;440;982;44.8;153;251;61.0;71.1;36.2;11.1;10.1;4.2;44.4;27.7;38.9;66.9;9.0;81.6;17.0;61.1;97.1;87.2;9.9;51.2;1.0;0.8;48.7;19.2;35.7;15.6;43.5;22.6;31.8;20.5
20222023;NBBL;NBBL B;SEASON;TS Jahn München;20222023_NBBL_NBBL B_SEASON_TS Jahn München;18;3600;1263;468;213;681;274;211;61;326;276;1240;200.0;70;26.0;12;38;15.2;12;3;18.1;15;69;344;725;47.4;134;549;24.4;478;1274;37.5;173;301;57.5;70.3;39.4;14.2;9.9;3.1;48.8;25.2;39.5;62.2;10.0;81.7;13.5;49.5;85.9;86.0;-0.1;45.3;0.9;0.8;42.8;18.9;29.4;13.6;44.5;21.9;29.6;15.1
20222023;NBBL;NBBL B;SEASON;USC Heidelberg;20222023_NBBL_NBBL B_SEASON_USC Heidelberg;18;3600;1314;411;217;628;219;248;63;325;318;1265;200.0;73;22.8;12;35;12.2;14;4;18.1;18;70;386;842;45.8;102;395;25.8;488;1237;39.5;236;369;64.0;71.9;40.7;13.9;8.8;3.1;49.0;29.1;42.8;54.7;8.0;81.4;14.2;50.8;89.6;88.3;1.3;47.5;0.9;0.7;43.6;19.0;30.2;19.1;47.4;24.2;36.0;15.8
20222023;NBBL;NBBL B;SEASON;VfL Kirchheim Knights;20222023_NBBL_NBBL B_SEASON_VfL Kirchheim Knights;17;3400;1152;469;179;648;254;171;38;365;316;1191;200.0;68;27.6;11;38;14.9;10;2;21.5;19;70;368;687;53.6;95;374;25.4;463;1061;43.6;131;240;54.6;65.7;35.6;11.2;11.9;2.6;46.6;20.7;37.4;57.4;8.0;78.4;13.1;54.9;86.4;83.8;2.6;49.8;0.9;0.7;48.1;24.0;30.4;12.3;41.0;19.8;29.4;19.0
20222023;NBBL;NBBL B;SEASON;Würzburg Baskets Akademie;20222023_NBBL_NBBL B_SEASON_Würzburg Baskets Akademie;17;3400;1319;474;247;721;269;145;53;285;302;1345;200.0;78;27.9;15;42;15.8;9;3;16.8;18;79;359;728;49.3;130;485;26.8;489;1213;40.3;211;364;58.0;72.1;37.8;14.8;9.4;2.0;47.1;27.9;40.4;60.1;11.0;80.4;15.7;54.0;96.5;89.6;6.9;48.5;1.0;0.9;45.7;17.3;35.7;17.4;45.3;19.5;29.4;15.4
20222023;NBBL;NBBL B;SEASON;Young Gladiators Trier;20222023_NBBL_NBBL B_SEASON_Young Gladiators Trier;18;3625;1230;433;208;641;237;146;36;357;280;1073;201.4;68;24.1;12;36;13.2;8;2;19.8;16;60;374;780;47.9;90;374;24.1;464;1154;40.2;212;382;55.5;82.6;40.0;15.9;12.3;2.8;56.7;26.5;46.1;61.7;5.0;79.7;11.8;37.0;85.1;102.9;-17.8;47.1;0.9;0.7;44.1;21.5;30.3;18.4;50.8;18.3;35.9;15.3
20232024;NBBL;NBBL A;PLAYOFFS;Alba Berlin;20232024_NBBL_NBBL A_PLAYOFFS_Alba Berlin;6;1200;445;160;58;218;98;68;12;143;122;448;200.0;74;26.7;10;36;16.3;11;2;23.8;20;75;122;250;48.8;33;110;30.0;155;360;43.1;102;147;69.4;76.0;33.2;15.7;14.2;3.5;47.1;27.4;38.1;67.4;3.0;82.3;14.0;52.5;90.1;92.3;-2.2;;;;;;;;;;;
20232024;NBBL;NBBL A;PLAYOFFS;Baskets Juniors Oldenburg;20232024_NBBL_NBBL A_PLAYOFFS_Baskets Juniors Oldenburg;8;1600;587;170;90;260;114;83;32;168;199;582;200.0;73;21.3;11;33;14.3;10;4;21.0;25;73;155;291;53.3;52;175;29.7;207;466;44.4;121;188;64.4;72.4;32.8;11.9;9.6;3.4;51.3;25.9;39.8;60.8;5.0;76.6;15.0;55.8;95.7;94.4;1.3;;;;;;;;;;;
20232024;NBBL;NBBL A;PLAYOFFS;Baskets Paderborn;20232024_NBBL_NBBL A_PLAYOFFS_Baskets Paderborn;3;600;206;61;21;82;44;44;9;57;63;177;200.0;69;20.3;7;27;14.7;15;3;19.0;21;59;52;113;46.0;24;89;27.0;76;202;37.6;30;55;54.5;79.3;45.7;19.3;11.7;1.7;51.9;30.5;45.3;65.7;1.0;85.2;11.7;34.0;80.5;93.1;-12.5;;;;;;;;;;;
20232024;NBBL;NBBL A;PLAYOFFS;Bayer Giants Leverkusen;20232024_NBBL_NBBL A_PLAYOFFS_Bayer Giants Leverkusen;6;1200;440;127;77;204;76;64;22;115;140;399;200.0;73;21.2;13;34;12.7;11;4;19.2;23;67;125;256;48.8;33;136;24.3;158;392;40.3;91;149;61.1;72.0;34.5;15.5;8.5;4.8;48.6;29.6;41.2;58.2;3.0;79.9;13.6;48.8;91.8;90.2;1.7;;;;;;;;;;;
20232024;NBBL;NBBL A;PLAYOFFS;Berlin Braves Baskets;20232024_NBBL_NBBL A_PLAYOFFS_Berlin Braves Baskets;3;600;218;59;24;83;41;30;11;64;51;209;200.0;73;19.7;8;28;13.7;10;4;21.3;17;70;60;117;51.3;16;51;31.4;76;168;45.2;50;68;73.5;80.3;37.0;13.7;15.0;2.3;52.2;31.5;42.9;78.3;1.0;77.9;14.6;45.4;93.2;103.1;-9.8;;;;;;;;;;;
20232024;NBBL;NBBL A;PLAYOFFS;Eintracht Frankfurt;20232024_NBBL_NBBL A_PLAYOFFS_Eintracht Frankfurt;2;400;136;38;21;59;20;14;4;26;42;116;200.0;68;19.0;11;30;10.0;7;2;13.0;21;58;37;72;51.4;13;53;24.5;50;125;40.0;23;39;59.0;81.0;32.0;9.5;4.5;2.0;50.6;37.0;45.5;75.0;0.0;70.7;13.7;36.9;96.2;114.5;-18.4;;;;;;;;;;;
20232024;NBBL;NBBL A;PLAYOFFS;FC Bayern München;20232024_NBBL_NBBL A_PLAYOFFS_FC Bayern München;5;1000;450;131;75;206;85;49;20;63;137;507;200.0;90;26.2;15;41;17.0;10;4;12.6;27;101;128;227;56.4;40;154;26.0;168;381;44.1;74;101;73.3;77.4;33.6;11.6;6.4;3.8;52.8;27.1;42.6;61.4;4.0;78.6;20.9;58.9;114.5;98.5;16.0;;;;;;;;;;;
20232024;NBBL;NBBL A;PLAYOFFS;KICKZ IBAM;20232024_NBBL_NBBL A_PLAYOFFS_KICKZ IBAM;4;800;308;86;38;124;34;28;10;52;82;269;200.0;77;21.5;10;31;8.5;7;3;13.0;21;67;71;147;48.3;29;95;30.5;100;242;41.3;79;120;65.8;79.5;35.5;13.0;6.8;3.3;53.0;28.4;42.7;67.7;2.0;75.4;15.4;47.6;102.1;105.4;-3.3;;;;;;;;;;;
20232024;NBBL;NBBL A;PLAYOFFS;Medipolis SC Jena;20232024_NBBL_NBBL A_PLAYOFFS_Medipolis SC Jena;3;600;214;68;23;91;52;18;2;57;57;203;200.0;71;22.7;8;30;17.3;6;1;19.0;19;68;50;105;47.6;22;69;31.9;72;174;41.4;48;63;76.2;77.3;29.7;15.0;10.7;4.0;55.2;35.7;46.1;55.4;1.0;75.0;14.1;45.6;95.1;103.1;-8.0;;;;;;;;;;;
20232024;NBBL;NBBL A;PLAYOFFS;Niners Chemnitz Academy;20232024_NBBL_NBBL A_PLAYOFFS_Niners Chemnitz Academy;2;400;156;45;13;58;32;9;4;36;34;144;200.0;78;22.5;7;29;16.0;5;2;18.0;17;72;46;74;62.2;13;39;33.3;59;113;52.2;25;50;50.0;98.5;42.0;21.0;13.5;3.5;65.4;22.0;49.7;75.9;0.0;78.5;15.3;36.6;99.4;125.5;-26.1;;;;;;;;;;;
20232024;NBBL;NBBL A;PLAYOFFS;Porsche BBA Ludwigsburg;20232024_NBBL_NBBL A_PLAYOFFS_Porsche BBA Ludwigsburg;5;1000;409;113;62;175;87;60;17;93;100;420;200.0;82;22.6;12;35;17.4;12;3;18.6;20;84;93;168;55.4;48;159;30.2;141;327;43.1;79;128;61.7;75.4;35.4;17.4;11.6;2.0;47.1;31.4;41.3;63.8;3.0;81.3;17.6;55.8;100.6;92.7;7.9;;;;;;;;;;;
20232024;NBBL;NBBL A;PLAYOFFS;Sartorius Juniors;20232024_NBBL_NBBL A_PLAYOFFS_Sartorius Juniors;3;600;215;59;32;91;33;25;10;71;66;178;200.0;72;19.7;11;30;11.0;8;3;23.7;22;59;47;88;53.4;23;77;29.9;70;165;42.4;52;82;63.4;78.0;31.7;13.0;13.7;3.3;60.3;22.2;46.9;72.1;1.0;76.1;12.6;38.2;94.2;102.5;-8.3;;;;;;;;;;;
20232024;NBBL;NBBL A;PLAYOFFS;Team Urspring;20232024_NBBL_NBBL A_PLAYOFFS_Team Urspring;4;800;312;83;40;123;62;39;15;67;82;311;200.0;78;20.8;10;31;15.5;10;4;16.8;21;78;73;135;54.1;37;109;33.9;110;244;45.1;55;94;58.5;76.5;30.8;18.8;7.8;0.8;51.0;32.2;43.8;72.4;2.0;76.0;17.4;48.8;102.6;100.6;2.0;;;;;;;;;;;
20232024;NBBL;NBBL A;PLAYOFFS;Tornados Franken;20232024_NBBL_NBBL A_PLAYOFFS_Tornados Franken;3;600;216;73;37;110;51;38;5;69;57;202;200.0;72;24.3;12;37;17.0;13;2;23.0;19;67;57;131;43.5;20;68;29.4;77;199;38.7;42;69;60.9;81.0;36.3;17.7;11.0;4.3;52.6;33.0;42.5;60.9;1.0;82.5;13.1;41.3;87.3;98.2;-10.9;;;;;;;;;;;
20232024;NBBL;NBBL A;PLAYOFFS;UBC Münster;20232024_NBBL_NBBL A_PLAYOFFS_UBC Münster;3;600;211;72;32;104;48;25;12;69;50;185;200.0;70;24.0;11;35;16.0;8;4;23.0;17;62;54;109;49.5;21;82;25.6;75;191;39.3;40;70;57.1;79.7;37.3;14.0;12.7;4.7;51.7;26.1;43.5;60.3;1.0;82.7;11.9;41.9;85.1;96.4;-11.3;;;;;;;;;;;
20232024;NBBL;NBBL A;PLAYOFFS;Young Rasta Dragons;20232024_NBBL_NBBL A_PLAYOFFS_Young Rasta Dragons;8;1600;658;200;123;323;119;102;34;141;164;720;200.0;82;25.0;15;40;14.9;13;4;17.6;21;90;148;290;51.0;75;260;28.8;223;550;40.5;137;185;74.1;68.8;29.0;12.9;9.4;3.1;46.4;28.0;39.9;70.7;6.0;78.2;19.0;62.8;105.2;88.0;17.3;;;;;;;;;;;
20232024;NBBL;NBBL A;REGULAR SEASON;Alba Berlin;20232024_NBBL_NBBL A_REGULAR SEASON_Alba Berlin;14;2825;1070;360;159;519;230;143;35;327;291;1027;201.8;76;25.7;11;37;16.4;10;3;23.4;21;73;318;661;48.1;71;263;27.0;389;924;42.1;221;329;67.2;73.4;37.7;13.5;13.4;3.6;46.4;24.7;38.1;64.6;7.0;84.4;13.2;53.9;89.8;86.3;3.5;;;;;;;;;;;
20232024;NBBL;NBBL A;REGULAR SEASON;Bamberg freakcity academy;20232024_NBBL_NBBL A_REGULAR SEASON_Bamberg freakcity academy;13;2625;957;303;143;446;185;91;27;247;244;861;201.9;74;23.3;11;34;14.2;7;2;19.0;19;66;262;532;49.2;83;289;28.7;345;821;42.0;184;306;60.1;88.3;37.2;18.4;10.8;2.7;55.0;31.1;46.2;65.5;3.0;79.1;13.3;37.3;92.1;110.5;-18.4;;;;;;;;;;;
20232024;NBBL;NBBL A;REGULAR SEASON;Baskets Juniors Oldenburg;20232024_NBBL_NBBL A_REGULAR SEASON_Baskets Juniors Oldenburg;14;2800;1115;351;202;553;226;185;41;233;330;1219;200.0;80;25.1;14;40;16.1;13;3;16.6;24;87;307;628;48.9;98;327;30.0;405;955;42.4;207;325;63.7;71.7;32.0;11.5;9.0;3.1;49.1;27.7;40.7;67.7;10.0;79.2;17.7;61.7;100.6;90.6;10.0;;;;;;;;;;;
20232024;NBBL;NBBL A;REGULAR SEASON;Baskets Paderborn;20232024_NBBL_NBBL A_REGULAR SEASON_Baskets Paderborn;14;2800;1051;310;143;453;276;161;57;281;267;1153;200.0;75;22.1;10;32;19.7;12;4;20.1;19;82;287;562;51.1;96;294;32.7;383;856;44.7;189;280;67.5;74.3;34.9;14.7;11.9;1.9;50.9;25.2;42.6;60.0;7.0;78.4;16.7;55.4;95.8;94.8;1.0;;;;;;;;;;;
20232024;NBBL;NBBL A;REGULAR SEASON;Bayer Giants Leverkusen;20232024_NBBL_NBBL A_REGULAR SEASON_Bayer Giants Leverkusen;14;2825;1077;344;192;536;187;162;56;297;310;988;201.8;77;24.6;14;38;13.4;12;4;21.2;22;71;306;622;49.2;86;335;25.7;392;957;41.0;207;375;55.2;75.6;36.6;13.9;11.2;3.4;45.6;28.0;38.9;67.7;8.0;83.5;13.6;49.7;91.4;89.7;1.6;;;;;;;;;;;
20232024;NBBL;NBBL A;REGULAR SEASON;Eisbären Bremerhaven;20232024_NBBL_NBBL A_REGULAR SEASON_Eisbären Bremerhaven;13;2600;812;310;123;433;160;128;49;359;235;663;200.0;62;23.8;9;33;12.3;10;4;27.6;18;51;239;524;45.6;60;248;24.2;299;772;38.7;154;241;63.9;89.5;38.2;22.5;16.5;2.4;53.0;31.3;45.3;64.5;1.0;84.0;8.6;25.8;74.3;106.5;-32.1;;;;;;;;;;;
20232024;NBBL;NBBL A;REGULAR SEASON;FC Bayern München;20232024_NBBL_NBBL A_REGULAR SEASON_FC Bayern München;13;2600;1062;289;144;433;185;143;33;236;276;1034;200.0;82;22.2;11;33;14.2;11;3;18.2;21;80;284;556;51.1;86;309;27.8;370;865;42.8;236;327;72.2;80.1;35.0;15.7;9.8;2.2;53.7;29.3;45.8;60.1;8.0;81.2;16.1;50.7;100.6;98.6;2.0;;;;;;;;;;;
20232024;NBBL;NBBL A;REGULAR SEASON;Hamburg Towers;20232024_NBBL_NBBL A_REGULAR SEASON_Hamburg Towers;14;2800;1036;318;163;481;174;167;26;260;297;971;200.0;74;22.7;12;34;12.4;12;2;18.6;21;69;272;559;48.7;96;364;26.4;368;923;39.9;204;302;67.5;71.4;36.5;13.1;9.9;3.3;48.2;26.6;39.9;60.6;6.0;78.8;14.2;50.8;93.9;90.7;3.3;;;;;;;;;;;
20232024;NBBL;NBBL A;REGULAR SEASON;KICKZ IBAM;20232024_NBBL_NBBL A_REGULAR SEASON_KICKZ IBAM;14;2800;1150;351;167;518;216;138;52;213;291;1256;200.0;82;25.1;12;37;15.4;10;4;15.2;21;90;315;591;53.3;104;337;30.9;419;928;45.2;208;304;68.4;75.4;33.8;13.1;7.2;2.5;45.3;32.8;40.6;65.9;9.0;76.5;18.9;58.5;107.4;98.5;8.9;;;;;;;;;;;
20232024;NBBL;NBBL A;REGULAR SEASON;Medipolis SC Jena;20232024_NBBL_NBBL A_REGULAR SEASON_Medipolis SC Jena;14;2800;1178;336;178;514;263;158;35;278;272;1258;200.0;84;24.0;13;37;18.8;11;3;19.9;19;90;304;577;52.7;105;321;32.7;409;898;45.5;255;378;67.5;77.2;31.5;16.1;11.1;2.5;48.9;33.9;42.3;66.3;7.0;81.5;18.0;57.9;103.2;94.7;8.5;;;;;;;;;;;
20232024;NBBL;NBBL A;REGULAR SEASON;Niners Chemnitz Academy;20232024_NBBL_NBBL A_REGULAR SEASON_Niners Chemnitz Academy;13;2600;999;264;120;384;156;103;17;232;265;908;200.0;77;20.3;9;30;12.0;8;1;17.8;20;70;271;490;55.3;81;284;28.5;352;774;45.5;214;311;68.8;81.6;35.6;14.5;10.0;3.5;54.0;29.0;45.3;65.9;6.0;76.0;15.0;43.8;101.1;107.4;-6.3;;;;;;;;;;;
20232024;NBBL;NBBL A;REGULAR SEASON;Porsche BBA Ludwigsburg;20232024_NBBL_NBBL A_REGULAR SEASON_Porsche BBA Ludwigsburg;14;2800;1191;347;191;538;275;174;66;231;270;1362;200.0;85;24.8;14;38;19.6;12;5;16.5;19;97;306;582;52.6;133;413;32.2;439;995;44.1;180;275;65.5;73.7;34.3;14.7;9.9;1.9;48.4;25.7;41.6;66.2;10.0;79.7;20.0;61.2;106.8;92.5;14.3;;;;;;;;;;;
20232024;NBBL;NBBL A;REGULAR SEASON;ROTH Energie BBA GIESSEN 46ers;20232024_NBBL_NBBL A_REGULAR SEASON_ROTH Energie BBA GIESSEN 46ers;14;2825;1046;292;166;458;175;121;22;261;310;897;201.8;75;20.9;12;33;12.5;9;2;18.6;22;64;309;649;47.6;64;256;25.0;373;905;41.2;236;368;64.1;89.6;40.9;18.3;10.8;3.6;54.5;27.5;45.0;68.7;3.0;80.3;12.9;34.8;92.2;110.5;-18.3;;;;;;;;;;;
20232024;NBBL;NBBL A;REGULAR SEASON;Team Urspring;20232024_NBBL_NBBL A_REGULAR SEASON_Team Urspring;13;2600;1007;290;179;469;226;136;30;233;292;1061;200.0;77;22.3;14;36;17.4;10;2;17.9;22;82;268;510;52.5;101;341;29.6;369;851;43.4;168;260;64.6;71.0;30.1;13.6;9.2;2.1;53.4;26.2;42.3;72.4;8.0;75.8;17.2;53.8;102.2;93.7;8.5;;;;;;;;;;;
20232024;NBBL;NBBL A;REGULAR SEASON;UBC Münster;20232024_NBBL_NBBL A_REGULAR SEASON_UBC Münster;13;2625;1036;318;142;460;171;129;35;233;259;984;201.9;80;24.5;11;35;13.2;10;3;17.9;20;76;311;571;54.5;71;305;23.3;382;876;43.6;201;321;62.6;80.7;37.2;15.3;9.5;3.5;49.9;29.5;43.9;71.4;6.0;81.7;15.0;47.0;96.6;97.8;-1.2;;;;;;;;;;;
20232024;NBBL;NBBL A;REGULAR SEASON;Young Rasta Dragons;20232024_NBBL_NBBL A_REGULAR SEASON_Young Rasta Dragons;14;2825;1125;305;186;491;195;177;39;262;264;1135;201.8;80;21.8;13;35;13.9;13;3;18.7;19;81;276;543;50.8;120;406;29.6;396;949;41.7;213;290;73.4;71.2;32.8;13.9;9.9;3.3;52.9;26.9;45.0;60.6;10.0;78.2;17.0;55.9;101.9;90.3;11.6;;;;;;;;;;;
20232024;NBBL;NBBL A;SEASON;Alba Berlin;20232024_NBBL_NBBL A_SEASON_Alba Berlin;20;4025;1515;520;217;737;328;211;47;470;413;1475;201.3;76;26.0;11;37;16.4;11;2;23.5;21;74;440;911;48.3;104;373;27.9;544;1284;42.4;323;476;67.9;74.2;36.4;14.2;13.6;3.6;46.6;25.6;38.1;65.4;10.0;83.8;13.1;53.4;89.9;88.0;1.8;;;;;;;;;;;
20232024;NBBL;NBBL A;SEASON;Bamberg freakcity academy;20232024_NBBL_NBBL A_SEASON_Bamberg freakcity academy;13;2625;957;303;143;446;185;91;27;247;244;861;201.9;74;23.3;11;34;14.2;7;2;19.0;19;66;262;532;49.2;83;289;28.7;345;821;42.0;184;306;60.1;88.3;37.2;18.4;10.8;2.7;55.0;31.1;46.2;65.5;3.0;79.1;13.0;37.3;92.1;110.5;-18.4;;;;;;;;;;;
20232024;NBBL;NBBL A;SEASON;Baskets Juniors Oldenburg;20232024_NBBL_NBBL A_SEASON_Baskets Juniors Oldenburg;22;4400;1702;521;292;813;340;268;73;401;529;1801;200.0;77;23.7;13;37;15.5;12;3;18.2;24;82;462;919;50.3;150;502;29.9;612;1421;43.1;328;513;63.9;72.0;32.3;11.6;9.2;3.2;49.9;27.0;40.4;65.0;15.0;78.3;16.3;59.8;98.9;91.9;6.9;;;;;;;;;;;
20232024;NBBL;NBBL A;SEASON;Baskets Paderborn;20232024_NBBL_NBBL A_SEASON_Baskets Paderborn;17;3400;1257;371;164;535;320;205;66;338;330;1330;200.0;74;21.8;10;31;18.8;12;4;19.9;19;78;339;675;50.2;120;383;31.3;459;1058;43.4;219;335;65.4;75.2;36.8;15.5;11.9;1.9;51.1;26.1;43.0;61.2;8.0;79.6;15.4;51.7;92.8;94.4;-1.6;;;;;;;;;;;
20232024;NBBL;NBBL A;SEASON;Bayer Giants Leverkusen;20232024_NBBL_NBBL A_SEASON_Bayer Giants Leverkusen;20;4025;1517;471;269;740;263;226;78;412;450;1387;201.3;76;23.6;13;37;13.2;11;4;20.6;23;69;431;878;49.1;119;471;25.3;550;1349;40.8;298;524;56.9;74.5;36.0;14.4;10.4;3.9;46.5;28.4;39.5;64.8;11.0;82.4;13.2;49.4;91.5;89.9;1.6;;;;;;;;;;;
20232024;NBBL;NBBL A;SEASON;Berlin Braves Baskets;20232024_NBBL_NBBL A_SEASON_Berlin Braves Baskets;16;3200;1226;376;170;546;267;206;46;269;275;1297;200.0;77;23.5;11;34;16.7;13;3;16.8;17;81;380;767;49.5;85;331;25.7;465;1098;42.3;211;303;69.6;72.2;37.3;12.8;9.6;3.2;47.2;29.2;39.7;69.3;10.0;80.5;16.1;58.0;95.1;89.6;5.5;;;;;;;;;;;
20232024;NBBL;NBBL A;SEASON;Eintracht Frankfurt;20232024_NBBL_NBBL A_SEASON_Eintracht Frankfurt;15;3025;1185;384;211;595;211;178;36;254;280;1218;201.7;79;25.6;14;40;14.1;12;2;16.9;19;81;325;627;51.8;111;412;26.9;436;1039;42.0;202;332;60.8;67.0;35.0;11.6;7.5;2.8;44.4;29.3;39.0;61.2;11.0;78.3;16.5;63.1;100.0;84.8;15.2;;;;;;;;;;;
20232024;NBBL;NBBL A;SEASON;Eisbären Bremerhaven;20232024_NBBL_NBBL A_SEASON_Eisbären Bremerhaven;13;2600;812;310;123;433;160;128;49;359;235;663;200.0;62;23.8;9;33;12.3;10;4;27.6;18;51;239;524;45.6;60;248;24.2;299;772;38.7;154;241;63.9;89.5;38.2;22.5;16.5;2.4;53.0;31.3;45.3;64.5;1.0;84.0;8.4;25.8;74.3;106.5;-32.1;;;;;;;;;;;
20232024;NBBL;NBBL A;SEASON;FC Bayern München;20232024_NBBL_NBBL A_SEASON_FC Bayern München;18;3600;1512;420;219;639;270;192;53;299;413;1541;200.0;84;23.3;12;36;15.0;11;3;16.6;23;86;412;783;52.6;126;463;27.2;538;1246;43.2;310;428;72.4;79.3;34.6;14.6;8.9;2.6;53.5;28.6;44.9;60.5;12.0;80.5;16.9;53.1;104.4;98.6;5.8;;;;;;;;;;;
20232024;NBBL;NBBL A;SEASON;Hamburg Towers;20232024_NBBL_NBBL A_SEASON_Hamburg Towers;14;2800;1036;318;163;481;174;167;26;260;297;971;200.0;74;22.7;12;34;12.4;12;2;18.6;21;69;272;559;48.7;96;364;26.4;368;923;39.9;204;302;67.5;71.4;36.5;13.1;9.9;3.3;48.2;26.6;39.9;60.6;6.0;78.8;13.9;50.8;93.9;90.7;3.3;;;;;;;;;;;
20232024;NBBL;NBBL A;SEASON;KICKZ IBAM;20232024_NBBL_NBBL A_SEASON_KICKZ IBAM;18;3600;1458;437;205;642;250;166;62;265;373;1525;200.0;81;24.3;11;36;13.9;9;3;14.7;21;85;386;738;52.3;133;432;30.8;519;1170;44.4;287;424;67.7;76.3;34.2;13.1;7.1;2.7;47.0;31.7;41.1;66.3;11.0;76.3;17.7;56.4;106.2;100.0;6.2;;;;;;;;;;;
20232024;NBBL;NBBL A;SEASON;Medipolis SC Jena;20232024_NBBL_NBBL A_SEASON_Medipolis SC Jena;17;3400;1392;404;201;605;315;176;37;335;329;1461;200.0;82;23.8;12;36;18.5;10;2;19.7;19;86;354;682;51.9;127;390;32.6;481;1072;44.9;303;441;68.7;77.2;31.2;15.9;11.1;2.8;49.9;34.2;43.0;64.4;8.0;80.3;17.0;55.9;101.9;96.2;5.8;;;;;;;;;;;
20232024;NBBL;NBBL A;SEASON;Niners Chemnitz Academy;20232024_NBBL_NBBL A_SEASON_Niners Chemnitz Academy;15;3000;1155;309;133;442;188;112;21;268;299;1052;200.0;77;20.6;9;29;12.5;7;1;17.9;20;70;317;564;56.2;94;323;29.1;411;887;46.3;239;361;66.2;83.9;36.5;15.4;10.5;3.5;55.7;27.9;46.0;66.9;6.0;76.4;14.7;42.5;100.8;109.8;-9.0;;;;;;;;;;;
20232024;NBBL;NBBL A;SEASON;Porsche BBA Ludwigsburg;20232024_NBBL_NBBL A_SEASON_Porsche BBA Ludwigsburg;19;3800;1600;460;253;713;362;234;83;324;370;1782;200.0;84;24.2;13;38;19.1;12;4;17.1;19;94;399;750;53.2;181;572;31.6;580;1322;43.9;259;403;64.3;74.2;34.6;15.4;10.4;1.9;48.1;27.5;41.6;65.5;13.0;80.1;18.9;59.9;105.1;92.6;12.5;;;;;;;;;;;
20232024;NBBL;NBBL A;SEASON;ROTH Energie BBA GIESSEN 46ers;20232024_NBBL_NBBL A_SEASON_ROTH Energie BBA GIESSEN 46ers;14;2825;1046;292;166;458;175;121;22;261;310;897;201.8;75;20.9;12;33;12.5;9;2;18.6;22;64;309;649;47.6;64;256;25.0;373;905;41.2;236;368;64.1;89.6;40.9;18.3;10.8;3.6;54.5;27.5;45.0;68.7;3.0;80.3;12.6;34.8;92.2;110.5;-18.3;;;;;;;;;;;
20232024;NBBL;NBBL A;SEASON;Sartorius Juniors;20232024_NBBL_NBBL A_SEASON_Sartorius Juniors;14;2825;1224;342;200;542;242;151;39;256;286;1286;201.8;87;24.4;14;39;17.3;11;3;18.3;20;92;301;567;53.1;126;408;30.9;427;975;43.8;244;352;69.3;72.5;31.1;12.6;10.1;2.6;52.2;23.5;41.7;67.6;11.0;80.0;18.4;62.6;108.4;89.9;18.5;;;;;;;;;;;
20232024;NBBL;NBBL A;SEASON;Team Urspring;20232024_NBBL_NBBL A_SEASON_Team Urspring;17;3400;1319;373;219;592;288;175;45;300;374;1372;200.0;78;21.9;13;35;16.9;10;3;17.6;22;81;341;645;52.9;138;450;30.7;479;1095;43.7;223;354;63.0;72.3;30.2;14.8;8.8;1.8;52.8;27.6;42.7;72.4;10.0;75.8;16.8;52.5;102.3;95.3;7.0;;;;;;;;;;;
20232024;NBBL;NBBL A;SEASON;Tornados Franken;20232024_NBBL_NBBL A_SEASON_Tornados Franken;16;3225;1331;383;224;607;285;191;39;309;295;1371;201.6;83;23.9;14;38;17.8;12;2;19.3;18;86;362;676;53.6;130;460;28.3;492;1136;43.3;217;346;62.7;76.8;36.2;14.1;8.4;2.8;51.2;27.5;42.4;64.9;11.0;82.3;16.7;56.1;100.3;92.6;7.8;;;;;;;;;;;
20232024;NBBL;NBBL A;SEASON;UBC Münster;20232024_NBBL_NBBL A_SEASON_UBC Münster;16;3225;1247;390;174;564;219;154;47;302;309;1169;201.6;78;24.4;11;35;13.7;10;3;18.9;19;73;365;680;53.7;92;387;23.8;457;1067;42.8;241;391;61.6;80.5;37.2;15.1;10.1;3.7;50.3;28.8;43.8;69.6;7.0;81.9;14.1;46.1;94.4;97.6;-3.1;;;;;;;;;;;
20232024;NBBL;NBBL A;SEASON;Young Rasta Dragons;20232024_NBBL_NBBL A_SEASON_Young Rasta Dragons;22;4425;1783;505;309;814;314;279;73;403;428;1855;201.1;81;23.0;14;37;14.3;13;3;18.3;19;84;424;833;50.9;195;666;29.3;619;1499;41.3;350;475;73.7;70.3;31.4;13.5;9.7;3.2;50.6;27.3;43.2;64.4;16.0;78.1;17.2;58.4;103.1;89.5;13.7;;;;;;;;;;;
20232024;NBBL;NBBL B;PLAY-DOWN;ART Giants Düsseldorf;20232024_NBBL_NBBL B_PLAY-DOWN_ART Giants Düsseldorf;5;1000;298;115;62;177;70;46;10;92;112;254;200.0;60;23.0;12;35;14.0;9;2;18.4;22;51;87;226;38.5;25;101;24.8;112;327;34.3;49;89;55.1;67.6;43.4;14.4;8.0;2.4;45.2;20.7;34.4;70.0;1.0;76.7;10.2;34.6;77.7;88.1;-10.4;;;;;;;;;;;
20232024;NBBL;NBBL B;PLAY-DOWN;Basketball Löwen Erfurt;20232024_NBBL_NBBL B_PLAY-DOWN_Basketball Löwen Erfurt;6;1200;395;162;83;245;109;54;11;117;87;396;200.0;66;27.0;14;41;18.2;9;2;19.5;15;66;97;217;44.7;35;171;20.5;132;388;34.0;96;141;68.1;64.2;39.0;16.8;11.3;4.2;46.6;21.9;38.5;61.1;4.0;78.7;13.6;52.8;83.7;81.5;2.1;;;;;;;;;;;
20232024;NBBL;NBBL B;PLAY-DOWN;BBA Giants Kornwestheim;20232024_NBBL_NBBL B_PLAY-DOWN_BBA Giants Kornwestheim;7;1425;495;160;101;261;94;81;15;134;152;453;203.6;71;22.9;14;37;13.4;12;2;19.1;22;65;113;249;45.4;61;223;27.4;174;472;36.9;86;147;58.5;77.4;36.0;14.4;10.7;2.7;52.4;26.2;45.1;65.5;3.0;78.1;13.7;39.6;89.0;97.5;-8.5;;;;;;;;;;;
20232024;NBBL;NBBL B;PLAY-DOWN;BBA Hagen;20232024_NBBL_NBBL B_PLAY-DOWN_BBA Hagen;6;1200;464;174;102;276;83;36;17;78;116;454;200.0;77;29.0;17;46;13.8;6;3;13.0;19;76;134;302;44.4;31;140;22.1;165;442;37.3;103;170;60.6;79.8;36.8;16.5;4.8;3.2;46.2;32.5;39.0;49.6;3.0;78.2;16.2;51.2;98.9;102.1;-3.2;;;;;;;;;;;
20232024;NBBL;NBBL B;PLAY-DOWN;Dresden Titans;20232024_NBBL_NBBL B_PLAY-DOWN_Dresden Titans;5;1000;351;146;84;230;92;37;21;73;70;384;200.0;70;29.2;17;46;18.4;7;4;14.6;14;77;76;198;38.4;43;157;27.4;119;355;33.5;70;108;64.8;65.8;34.8;15.8;8.0;5.0;42.0;30.8;38.4;67.8;3.0;75.2;16.9;55.3;93.3;87.5;5.8;;;;;;;;;;;
20232024;NBBL;NBBL B;PLAY-DOWN;HAKRO Merlins Crailsheim;20232024_NBBL_NBBL B_PLAY-DOWN_HAKRO Merlins Crailsheim;7;1400;528;193;102;295;90;60;26;171;165;461;200.0;75;27.6;15;42;12.9;9;4;24.4;24;66;142;303;46.9;48;191;25.1;190;494;38.5;100;163;61.3;85.6;38.0;14.3;11.9;3.9;47.4;30.4;42.4;59.9;2.0;88.5;11.5;39.6;85.2;96.7;-11.5;;;;;;;;;;;
20232024;NBBL;NBBL B;PLAY-DOWN;Metropol Baskets Ruhr;20232024_NBBL_NBBL B_PLAY-DOWN_Metropol Baskets Ruhr;8;1600;640;230;92;322;167;110;54;148;155;765;200.0;80;28.8;12;40;20.9;14;7;18.5;19;96;213;396;53.8;49;187;26.2;262;583;44.9;67;126;53.2;72.1;41.4;16.4;10.1;2.9;42.7;25.2;35.6;62.4;5.0;84.9;18.4;60.0;94.3;85.0;9.3;;;;;;;;;;;
20232024;NBBL;NBBL B;PLAY-DOWN;Orange Academy;20232024_NBBL_NBBL B_PLAY-DOWN_Orange Academy;7;1400;553;207;67;274;106;44;36;113;136;577;200.0;79;29.6;10;39;15.1;6;5;16.1;19;82;158;329;48.0;42;144;29.2;200;473;42.3;111;161;68.9;81.4;43.9;14.7;8.6;2.9;43.0;31.0;39.1;62.3;4.0;82.3;16.1;51.9;96.0;98.9;-3.0;;;;;;;;;;;
20232024;NBBL;NBBL B;PLAY-DOWN;Phoenix Hagen;20232024_NBBL_NBBL B_PLAY-DOWN_Phoenix Hagen;5;1025;381;153;43;196;76;57;12;82;78;398;205.0;76;30.6;9;39;15.2;11;2;16.4;16;80;95;208;45.7;46;143;32.2;141;351;40.2;53;85;62.4;68.4;47.8;15.2;8.2;3.6;41.7;20.4;32.8;67.4;2.0;82.1;15.7;60.2;90.5;81.3;9.3;;;;;;;;;;;
20232024;NBBL;NBBL B;PLAY-DOWN;Rostock Seawolves;20232024_NBBL_NBBL B_PLAY-DOWN_Rostock Seawolves;7;1425;590;210;102;312;103;49;21;124;168;528;203.6;84;30.0;15;45;14.7;7;3;17.7;24;75;143;302;47.4;68;256;26.6;211;558;37.8;100;176;56.8;78.1;40.9;15.0;8.9;3.0;43.4;26.9;37.0;57.0;4.0;86.3;14.2;48.1;95.9;88.9;7.0;;;;;;;;;;;
20232024;NBBL;NBBL B;PLAY-DOWN;SG Junior Löwen Braunschweig;20232024_NBBL_NBBL B_PLAY-DOWN_SG Junior Löwen Braunschweig;6;1200;400;148;73;221;74;51;19;120;104;344;200.0;67;24.7;12;37;12.3;9;3;20.0;17;57;98;230;42.6;49;179;27.4;147;409;35.9;57;96;59.4;87.0;46.2;18.5;13.2;3.7;53.4;26.6;45.4;52.1;2.0;82.0;11.3;30.3;81.3;106.1;-24.8;;;;;;;;;;;
20232024;NBBL;NBBL B;PLAY-DOWN;Team Südhessen;20232024_NBBL_NBBL B_PLAY-DOWN_Team Südhessen;8;1625;673;191;90;281;121;95;26;142;178;685;203.1;84;23.9;11;35;15.1;12;3;17.8;22;86;199;395;50.4;55;168;32.7;254;563;45.1;110;170;64.7;76.3;36.6;15.1;8.0;3.3;50.8;27.5;41.5;66.3;6.0;81.4;17.6;54.5;101.7;92.2;9.5;;;;;;;;;;;
20232024;NBBL;NBBL B;PLAY-DOWN;TG Hanau;20232024_NBBL_NBBL B_PLAY-DOWN_TG Hanau;8;1600;570;217;118;335;96;76;21;133;155;539;200.0;71;27.1;15;42;12.0;10;3;16.6;19;67;160;379;42.2;45;178;25.3;205;557;36.8;115;189;60.8;71.0;39.9;11.8;8.9;4.1;45.6;25.2;37.5;60.6;3.0;79.1;14.0;50.7;90.1;89.7;0.3;;;;;;;;;;;
20232024;NBBL;NBBL B;PLAY-DOWN;TS Jahn München;20232024_NBBL_NBBL B_PLAY-DOWN_TS Jahn München;8;1625;571;207;89;296;122;96;27;147;129;586;203.1;71;25.9;11;37;15.3;12;3;18.4;16;73;161;340;47.4;51;203;25.1;212;543;39.0;96;144;66.7;78.8;40.1;17.1;11.5;2.4;49.8;28.8;41.1;68.1;2.0;79.5;15.0;45.7;88.4;97.6;-9.1;;;;;;;;;;;
20232024;NBBL;NBBL B;PLAY-DOWN;USC Heidelberg;20232024_NBBL_NBBL B_PLAY-DOWN_USC Heidelberg;7;1425;578;177;94;271;111;86;18;124;145;554;203.6;83;25.3;13;39;15.9;12;3;17.7;21;79;152;308;49.4;57;216;26.4;209;524;39.9;103;174;59.2;75.9;42.7;14.9;11.0;3.1;47.8;26.5;40.5;66.2;3.0;84.9;16.0;51.0;95.6;87.8;7.8;;;;;;;;;;;
20232024;NBBL;NBBL B;PLAY-DOWN;Würzburg Baskets Akademie;20232024_NBBL_NBBL B_PLAY-DOWN_Würzburg Baskets Akademie;6;1200;520;185;74;259;113;53;20;117;97;589;200.0;87;30.8;12;43;18.8;9;3;19.5;16;98;145;286;50.7;41;115;35.7;186;401;46.4;107;151;70.9;73.0;35.8;15.5;11.5;3.8;43.5;27.1;37.1;61.1;6.0;82.8;19.5;64.7;104.7;88.2;16.5;;;;;;;;;;;
20232024;NBBL;NBBL B;REGULAR SEASON;ART Giants Düsseldorf;20232024_NBBL_NBBL B_REGULAR SEASON_ART Giants Düsseldorf;9;1800;622;177;101;278;116;63;27;164;211;515;200.0;69;19.7;11;31;12.9;7;3;18.2;23;57;159;346;46.0;62;236;26.3;221;582;38.0;118;184;64.1;86.8;37.3;16.3;8.3;3.8;57.5;28.9;48.5;65.7;2.0;77.8;11.7;28.8;88.8;111.5;-22.7;;;;;;;;;;;
20232024;NBBL;NBBL B;REGULAR SEASON;Basketball Löwen Erfurt;20232024_NBBL_NBBL B_REGULAR SEASON_Basketball Löwen Erfurt;11;2200;835;301;131;432;177;119;49;253;195;808;200.0;76;27.4;12;39;16.1;11;4;23.0;18;73;199;464;42.9;82;280;29.3;281;744;37.8;191;279;68.5;86.3;44.1;18.8;12.2;3.6;52.8;23.5;42.4;62.1;2.0;87.9;13.2;43.1;86.3;98.1;-11.8;;;;;;;;;;;
20232024;NBBL;NBBL B;REGULAR SEASON;BBA Giants Kornwestheim;20232024_NBBL_NBBL B_REGULAR SEASON_BBA Giants Kornwestheim;10;2000;681;210;137;347;123;112;24;222;170;598;200.0;68;21.0;14;35;12.3;11;2;22.2;17;60;162;334;48.5;76;282;27.0;238;616;38.6;129;218;59.2;75.0;29.9;17.2;12.6;3.2;57.3;26.4;48.9;60.7;3.0;77.0;12.7;38.2;88.4;97.4;-9.0;;;;;;;;;;;
20232024;NBBL;NBBL B;REGULAR SEASON;BBA Hagen;20232024_NBBL_NBBL B_REGULAR SEASON_BBA Hagen;8;1600;540;174;113;287;86;63;16;150;158;431;200.0;68;21.8;14;36;10.8;8;2;18.8;20;54;159;376;42.3;36;157;22.9;195;533;36.6;114;187;61.0;82.5;42.8;16.0;11.4;2.6;54.3;28.5;41.5;67.2;2.0;78.8;11.0;31.6;85.6;104.7;-19.0;;;;;;;;;;;
20232024;NBBL;NBBL B;REGULAR SEASON;Berlin Braves Baskets;20232024_NBBL_NBBL B_REGULAR SEASON_Berlin Braves Baskets;13;2600;1008;317;146;463;226;176;35;205;224;1088;200.0;78;24.4;11;36;17.4;14;3;15.8;17;84;320;650;49.2;69;280;24.6;389;930;41.8;161;235;68.5;70.3;37.3;12.5;8.4;3.4;46.1;28.6;39.0;67.5;9.0;81.1;17.0;61.1;95.6;86.6;8.9;;;;;;;;;;;
20232024;NBBL;NBBL B;REGULAR SEASON;Dresden Titans;20232024_NBBL_NBBL B_REGULAR SEASON_Dresden Titans;10;2000;622;225;128;353;118;79;38;237;187;508;200.0;62;22.5;13;35;11.8;8;4;23.7;19;51;176;362;48.6;48;236;20.3;224;598;37.5;126;217;58.1;78.0;34.2;14.5;13.8;2.7;45.9;33.7;42.1;70.8;1.0;78.3;9.7;30.2;79.5;99.7;-20.2;;;;;;;;;;;
20232024;NBBL;NBBL B;REGULAR SEASON;Eintracht Frankfurt;20232024_NBBL_NBBL B_REGULAR SEASON_Eintracht Frankfurt;13;2625;1049;346;190;536;191;164;32;228;238;1102;201.9;81;26.6;15;41;14.7;13;2;17.5;18;85;288;555;51.9;98;359;27.3;386;914;42.2;179;293;61.1;64.8;35.5;11.9;8.0;2.9;43.5;28.1;38.0;58.7;11.0;79.5;17.4;66.9;100.6;80.8;19.8;;;;;;;;;;;
20232024;NBBL;NBBL B;REGULAR SEASON;HAKRO Merlins Crailsheim;20232024_NBBL_NBBL B_REGULAR SEASON_HAKRO Merlins Crailsheim;10;2000;556;234;81;315;130;117;25;269;159;467;200.0;56;23.4;8;32;13.0;12;3;26.9;16;47;165;364;45.3;35;177;19.8;200;541;37.0;121;187;64.7;78.3;39.5;17.4;14.1;3.2;52.3;27.1;40.0;64.8;0.0;80.5;8.2;31.4;69.0;97.2;-28.2;;;;;;;;;;;
20232024;NBBL;NBBL B;REGULAR SEASON;Metropol Baskets Ruhr;20232024_NBBL_NBBL B_REGULAR SEASON_Metropol Baskets Ruhr;8;1600;706;197;107;304;153;86;35;171;180;773;200.0;88;24.6;13;38;19.1;11;4;21.4;23;97;238;394;60.4;41;172;23.8;279;566;49.3;107;160;66.9;79.8;31.6;11.4;9.9;2.6;47.6;28.1;41.1;73.1;5.0;84.4;18.1;61.5;104.6;94.5;10.1;;;;;;;;;;;
20232024;NBBL;NBBL B;REGULAR SEASON;Orange Academy;20232024_NBBL_NBBL B_REGULAR SEASON_Orange Academy;9;1800;623;231;107;338;133;81;65;169;154;655;200.0;69;25.7;12;38;14.8;9;7;18.8;17;73;201;416;48.3;40;166;24.1;241;582;41.4;101;176;57.4;67.3;41.6;13.4;10.9;2.1;43.7;21.3;35.2;61.6;5.0;78.1;14.5;56.0;88.7;86.3;2.4;;;;;;;;;;;
20232024;NBBL;NBBL B;REGULAR SEASON;Phoenix Hagen;20232024_NBBL_NBBL B_REGULAR SEASON_Phoenix Hagen;9;1825;639;211;79;290;88;61;26;163;161;543;202.8;71;23.4;9;32;9.8;7;3;18.1;18;60;186;374;49.7;46;200;23.0;232;574;40.4;129;185;69.7;82.7;45.4;17.0;8.8;2.8;49.6;21.1;41.1;69.2;3.0;79.0;11.9;38.8;88.6;103.2;-14.6;;;;;;;;;;;
20232024;NBBL;NBBL B;REGULAR SEASON;ratiopharm Ulm;20232024_NBBL_NBBL B_REGULAR SEASON_ratiopharm Ulm;11;2200;954;266;156;422;195;146;42;175;206;1086;200.0;87;24.2;14;38;17.7;13;4;15.9;19;99;298;530;56.2;69;263;26.2;367;793;46.3;151;223;67.7;68.9;33.5;14.5;9.5;3.1;47.4;27.9;39.9;61.0;9.0;80.0;20.5;65.2;108.5;86.2;22.3;;;;;;;;;;;
20232024;NBBL;NBBL B;REGULAR SEASON;RheinStars Köln;20232024_NBBL_NBBL B_REGULAR SEASON_RheinStars Köln;10;2025;820;244;140;384;175;86;26;150;189;871;202.5;82;24.4;14;38;17.5;9;3;15.0;19;87;204;419;48.7;86;273;31.5;290;692;41.9;154;222;69.4;70.9;33.7;14.4;7.7;3.1;48.3;25.9;40.1;63.5;9.0;76.7;18.5;60.1;105.6;91.3;14.3;;;;;;;;;;;
20232024;NBBL;NBBL B;REGULAR SEASON;Rostock Seawolves;20232024_NBBL_NBBL B_REGULAR SEASON_Rostock Seawolves;10;2000;776;239;113;352;134;80;20;197;187;697;200.0;78;23.9;11;35;13.4;8;2;19.7;19;70;179;369;48.5;101;325;31.1;280;694;40.3;115;169;68.0;87.0;40.4;17.7;11.8;3.9;55.3;29.1;43.7;65.2;4.0;82.8;13.5;38.9;93.8;105.1;-11.4;;;;;;;;;;;
20232024;NBBL;NBBL B;REGULAR SEASON;Sartorius Juniors;20232024_NBBL_NBBL B_REGULAR SEASON_Sartorius Juniors;11;2225;1009;283;168;451;209;126;29;185;220;1108;202.3;92;25.7;15;41;19.0;11;3;16.8;20;101;254;479;53.0;103;331;31.1;357;810;44.1;192;270;71.1;71.0;31.0;12.5;9.1;2.4;50.1;23.8;40.4;66.2;10.0;81.1;20.4;67.6;111.9;86.6;25.3;;;;;;;;;;;
20232024;NBBL;NBBL B;REGULAR SEASON;SG Junior Löwen Braunschweig;20232024_NBBL_NBBL B_REGULAR SEASON_SG Junior Löwen Braunschweig;10;2025;804;241;113;354;130;108;39;188;190;813;202.5;80;24.1;11;35;13.0;11;4;18.8;19;81;268;494;54.3;55;203;27.1;323;697;46.3;103;163;63.2;74.5;33.8;13.6;9.3;3.8;48.4;28.6;41.3;67.7;6.0;79.8;16.1;55.2;99.5;92.2;7.3;;;;;;;;;;;
20232024;NBBL;NBBL B;REGULAR SEASON;Team Bonn/Rhöndorf;20232024_NBBL_NBBL B_REGULAR SEASON_Team Bonn/Rhöndorf;13;2600;1122;334;177;511;171;137;38;243;298;1125;200.0;86;25.7;14;39;13.2;11;3;18.7;23;87;303;555;54.6;91;346;26.3;394;901;43.7;243;347;70.0;71.7;29.8;11.9;7.0;2.5;47.4;25.0;39.9;66.0;8.0;82.2;17.1;64.6;105.0;87.3;17.8;;;;;;;;;;;
20232024;NBBL;NBBL B;REGULAR SEASON;Team Südhessen;20232024_NBBL_NBBL B_REGULAR SEASON_Team Südhessen;10;2000;700;219;92;311;121;127;26;197;204;609;200.0;70;21.9;9;31;12.1;13;3;19.7;20;61;232;486;47.7;47;199;23.6;279;685;40.7;95;168;56.5;78.8;40.2;15.2;10.2;2.9;53.1;30.0;44.4;63.3;2.0;83.3;11.8;38.4;84.0;94.6;-10.6;;;;;;;;;;;
20232024;NBBL;NBBL B;REGULAR SEASON;TG Hanau;20232024_NBBL_NBBL B_REGULAR SEASON_TG Hanau;10;2000;702;215;101;316;116;76;25;196;190;584;200.0;70;21.5;10;32;11.6;8;3;19.6;19;58;212;438;48.4;54;204;26.5;266;642;41.4;116;195;59.5;87.8;38.6;12.6;11.0;2.7;55.0;32.1;47.1;59.4;3.0;79.8;11.7;34.0;87.9;110.0;-22.0;;;;;;;;;;;
20232024;NBBL;NBBL B;REGULAR SEASON;Tornados Franken;20232024_NBBL_NBBL B_REGULAR SEASON_Tornados Franken;13;2625;1115;310;187;497;234;153;34;240;238;1169;201.9;86;23.8;14;38;18.0;12;3;18.5;18;90;305;545;56.0;110;392;28.1;415;937;44.3;175;277;63.2;75.8;36.2;13.2;7.8;2.5;50.9;25.6;42.4;66.1;10.0;82.2;18.1;59.3;103.3;91.3;12.0;;;;;;;;;;;
20232024;NBBL;NBBL B;REGULAR SEASON;TS Jahn München;20232024_NBBL_NBBL B_REGULAR SEASON_TS Jahn München;10;2000;689;236;127;363;154;118;25;184;174;670;200.0;69;23.6;13;36;15.4;12;3;18.4;17;67;159;361;44.0;85;302;28.1;244;663;36.8;116;192;60.4;67.2;38.9;14.1;9.8;4.8;48.7;24.7;39.2;61.5;6.0;77.3;14.2;50.2;89.2;87.0;2.2;;;;;;;;;;;
20232024;NBBL;NBBL B;REGULAR SEASON;USC Heidelberg;20232024_NBBL_NBBL B_REGULAR SEASON_USC Heidelberg;10;2000;792;252;131;383;126;111;24;210;200;743;200.0;79;25.2;13;38;12.6;11;2;21.0;20;74;213;437;48.7;78;262;29.8;291;699;41.6;132;207;63.8;80.4;38.7;17.3;12.4;2.5;52.4;27.6;44.1;57.0;3.0;85.4;14.0;46.1;92.8;94.2;-1.4;;;;;;;;;;;
20232024;NBBL;NBBL B;REGULAR SEASON;VfL Kirchheim Knights;20232024_NBBL_NBBL B_REGULAR SEASON_VfL Kirchheim Knights;14;2800;1029;342;176;518;245;111;38;246;261;1052;200.0;74;24.4;13;37;17.5;8;3;17.6;19;75;283;579;48.9;110;374;29.4;393;953;41.2;133;216;61.6;73.1;34.9;16.0;10.1;3.6;47.8;29.5;41.1;63.3;7.0;76.3;15.5;48.6;96.4;95.8;0.6;;;;;;;;;;;
20232024;NBBL;NBBL B;REGULAR SEASON;Würzburg Baskets Akademie;20232024_NBBL_NBBL B_REGULAR SEASON_Würzburg Baskets Akademie;10;2000;843;273;127;400;151;69;33;226;191;848;200.0;84;27.3;13;40;15.1;7;3;22.6;19;85;252;460;54.8;58;186;31.2;310;646;48.0;165;251;65.7;84.3;32.6;14.9;13.6;2.6;52.8;25.0;43.0;65.8;6.0;83.4;15.9;52.7;101.1;101.1;0.0;;;;;;;;;;;
20232024;NBBL;NBBL B;SEASON;ART Giants Düsseldorf;20232024_NBBL_NBBL B_SEASON_ART Giants Düsseldorf;14;2800;920;292;163;455;186;109;37;256;323;769;200.0;66;20.9;12;33;13.3;8;3;18.3;23;55;246;572;43.0;87;337;25.8;333;909;36.6;167;273;61.2;79.9;39.5;15.6;8.2;3.3;53.8;25.4;43.6;67.2;3.0;77.4;10.8;30.4;84.9;103.2;-18.4;;;;;;;;;;;
20232024;NBBL;NBBL B;SEASON;Basketball Löwen Erfurt;20232024_NBBL_NBBL B_SEASON_Basketball Löwen Erfurt;17;3400;1230;463;214;677;286;173;60;370;282;1204;200.0;72;27.2;13;40;16.8;10;4;21.8;17;71;296;681;43.5;117;451;25.9;413;1132;36.5;287;420;68.3;78.5;42.3;18.1;11.9;3.8;50.8;23.0;41.2;61.8;6.0;84.7;12.9;45.9;85.5;92.7;-7.2;;;;;;;;;;;
20232024;NBBL;NBBL B;SEASON;BBA Giants Kornwestheim;20232024_NBBL_NBBL B_SEASON_BBA Giants Kornwestheim;17;3425;1176;370;238;608;217;193;39;356;322;1051;201.5;69;21.8;14;36;12.8;11;2;20.9;19;62;275;583;47.2;137;505;27.1;412;1088;37.9;215;365;58.9;76.0;32.4;16.1;11.8;3.0;55.2;26.3;47.3;63.0;6.0;77.4;12.7;38.8;88.7;97.4;-8.7;;;;;;;;;;;
20232024;NBBL;NBBL B;SEASON;BBA Hagen;20232024_NBBL_NBBL B_SEASON_BBA Hagen;14;2800;1004;348;215;563;169;99;33;228;274;885;200.0;72;24.9;15;40;12.1;7;2;16.3;20;63;293;678;43.2;67;297;22.6;360;975;36.9;217;357;60.8;81.4;40.2;16.2;8.6;2.9;50.8;30.3;40.4;59.7;5.0;78.5;12.7;40.5;91.3;103.6;-12.3;;;;;;;;;;;
20232024;NBBL;NBBL B;SEASON;Berlin Braves Baskets;20232024_NBBL_NBBL B_SEASON_Berlin Braves Baskets;16;3200;1226;376;170;546;267;206;46;269;275;1297;200.0;77;23.5;11;34;16.7;13;3;16.8;17;81;380;767;49.5;85;331;25.7;465;1098;42.3;211;303;69.6;72.2;37.3;12.8;9.6;3.2;47.2;29.2;39.7;69.3;10.0;80.5;16.3;58.0;95.1;89.6;5.5;;;;;;;;;;;
20232024;NBBL;NBBL B;SEASON;Dresden Titans;20232024_NBBL_NBBL B_SEASON_Dresden Titans;15;3000;973;371;212;583;210;116;59;310;257;892;200.0;65;24.7;14;39;14.0;8;4;20.7;17;59;252;560;45.0;91;393;23.2;343;953;36.0;196;325;60.3;73.9;34.4;14.9;11.9;3.5;44.6;32.7;40.9;70.2;4.0;77.2;11.6;39.7;84.0;95.7;-11.7;;;;;;;;;;;
20232024;NBBL;NBBL B;SEASON;Eintracht Frankfurt;20232024_NBBL_NBBL B_SEASON_Eintracht Frankfurt;15;3025;1185;384;211;595;211;178;36;254;280;1218;201.7;79;25.6;14;40;14.1;12;2;16.9;19;81;325;627;51.8;111;412;26.9;436;1039;42.0;202;332;60.8;67.0;35.0;11.6;7.5;2.8;44.4;29.3;39.0;61.2;11.0;78.3;16.7;63.1;100.0;84.8;15.2;;;;;;;;;;;
20232024;NBBL;NBBL B;SEASON;HAKRO Merlins Crailsheim;20232024_NBBL_NBBL B_SEASON_HAKRO Merlins Crailsheim;17;3400;1084;427;183;610;220;177;51;440;324;928;200.0;64;25.1;11;36;12.9;10;3;25.9;19;55;307;667;46.0;83;368;22.6;390;1035;37.7;221;350;63.1;81.3;38.9;16.1;13.2;3.5;49.9;28.1;41.0;62.2;2.0;83.8;9.3;34.8;76.1;97.0;-20.9;;;;;;;;;;;
20232024;NBBL;NBBL B;SEASON;Metropol Baskets Ruhr;20232024_NBBL_NBBL B_SEASON_Metropol Baskets Ruhr;16;3200;1346;427;199;626;320;196;89;319;335;1538;200.0;84;26.7;12;39;20.0;12;6;19.9;21;96;451;790;57.1;90;359;25.1;541;1149;47.1;174;286;60.8;75.9;36.5;13.9;10.0;2.8;45.2;26.4;38.2;68.4;10.0;84.6;17.7;60.7;99.4;89.8;9.7;;;;;;;;;;;
20232024;NBBL;NBBL B;SEASON;Orange Academy;20232024_NBBL_NBBL B_SEASON_Orange Academy;16;3200;1176;438;174;612;239;125;101;282;290;1232;200.0;74;27.4;11;38;14.9;8;6;17.6;18;77;359;745;48.2;82;310;26.5;441;1055;41.8;212;337;62.9;73.5;42.6;14.0;9.9;2.4;43.3;25.3;37.0;61.9;9.0;79.9;14.7;53.9;92.0;92.0;0.0;;;;;;;;;;;
20232024;NBBL;NBBL B;SEASON;Phoenix Hagen;20232024_NBBL_NBBL B_SEASON_Phoenix Hagen;14;2850;1020;364;122;486;164;118;38;245;239;941;203.6;73;26.0;9;35;11.7;8;3;17.5;17;67;281;582;48.3;92;343;26.8;373;925;40.3;182;270;67.4;77.6;46.3;16.4;8.6;3.1;47.2;20.8;38.2;68.6;5.0;80.2;12.9;46.6;89.3;95.1;-5.8;;;;;;;;;;;
20232024;NBBL;NBBL B;SEASON;ratiopharm Ulm;20232024_NBBL_NBBL B_SEASON_ratiopharm Ulm;11;2200;954;266;156;422;195;146;42;175;206;1086;200.0;87;24.2;14;38;17.7;13;4;15.9;19;99;298;530;56.2;69;263;26.2;367;793;46.3;151;223;67.7;68.9;33.5;14.5;9.5;3.1;47.4;27.9;39.9;61.0;9.0;80.0;20.2;65.2;108.5;86.2;22.3;;;;;;;;;;;
20232024;NBBL;NBBL B;SEASON;RheinStars Köln;20232024_NBBL_NBBL B_SEASON_RheinStars Köln;10;2025;820;244;140;384;175;86;26;150;189;871;202.5;82;24.4;14;38;17.5;9;3;15.0;19;87;204;419;48.7;86;273;31.5;290;692;41.9;154;222;69.4;70.9;33.7;14.4;7.7;3.1;48.3;25.9;40.1;63.5;9.0;76.7;18.2;60.1;105.6;91.3;14.3;;;;;;;;;;;
20232024;NBBL;NBBL B;SEASON;Rostock Seawolves;20232024_NBBL_NBBL B_SEASON_Rostock Seawolves;17;3425;1366;449;215;664;237;129;41;321;355;1225;201.5;80;26.4;13;39;13.9;8;2;18.9;21;72;322;671;48.0;169;581;29.1;491;1252;39.2;215;345;62.3;83.4;40.6;16.6;10.6;3.5;50.1;28.2;41.0;61.1;8.0;84.2;13.4;42.1;94.7;98.3;-3.5;;;;;;;;;;;
20232024;NBBL;NBBL B;SEASON;Sartorius Juniors;20232024_NBBL_NBBL B_SEASON_Sartorius Juniors;14;2825;1224;342;200;542;242;151;39;256;286;1286;201.8;87;24.4;14;39;17.3;11;3;18.3;20;92;301;567;53.1;126;408;30.9;427;975;43.8;244;352;69.3;72.5;31.1;12.6;10.1;2.6;52.2;23.5;41.7;67.6;11.0;80.0;18.6;62.6;108.4;89.9;18.5;;;;;;;;;;;
20232024;NBBL;NBBL B;SEASON;SG Junior Löwen Braunschweig;20232024_NBBL_NBBL B_SEASON_SG Junior Löwen Braunschweig;16;3225;1204;389;186;575;204;159;58;308;294;1157;201.6;75;24.3;12;36;12.8;10;4;19.3;18;72;366;724;50.6;104;382;27.2;470;1106;42.5;160;259;61.8;79.2;38.4;15.4;10.8;3.8;50.6;27.8;43.0;62.2;8.0;80.6;13.9;45.4;92.6;97.4;-4.8;;;;;;;;;;;
20232024;NBBL;NBBL B;SEASON;Team Bonn/Rhöndorf;20232024_NBBL_NBBL B_SEASON_Team Bonn/Rhöndorf;13;2600;1122;334;177;511;171;137;38;243;298;1125;200.0;86;25.7;14;39;13.2;11;3;18.7;23;87;303;555;54.6;91;346;26.3;394;901;43.7;243;347;70.0;71.7;29.8;11.9;7.0;2.5;47.4;25.0;39.9;66.0;8.0;82.2;16.8;64.6;105.0;87.3;17.8;;;;;;;;;;;
20232024;NBBL;NBBL B;SEASON;Team Südhessen;20232024_NBBL_NBBL B_SEASON_Team Südhessen;18;3625;1373;410;182;592;242;222;52;339;382;1294;201.4;76;22.8;10;33;13.4;12;3;18.8;21;72;431;881;48.9;102;367;27.8;533;1248;42.7;205;338;60.7;77.7;38.6;15.2;9.2;3.1;52.1;28.8;43.1;64.7;8.0;82.5;13.8;46.1;91.9;93.5;-1.7;;;;;;;;;;;
20232024;NBBL;NBBL B;SEASON;TG Hanau;20232024_NBBL_NBBL B_SEASON_TG Hanau;18;3600;1272;432;219;651;212;152;46;329;345;1123;200.0;71;24.0;12;36;11.8;8;3;18.3;19;62;372;817;45.5;99;382;25.9;471;1199;39.3;231;384;60.2;80.3;39.2;12.2;10.1;3.3;51.1;28.9;42.9;59.9;6.0;79.5;12.3;40.5;88.9;101.1;-12.2;;;;;;;;;;;
20232024;NBBL;NBBL B;SEASON;Tornados Franken;20232024_NBBL_NBBL B_SEASON_Tornados Franken;16;3225;1331;383;224;607;285;191;39;309;295;1371;201.6;83;23.9;14;38;17.8;12;2;19.3;18;86;362;676;53.6;130;460;28.3;492;1136;43.3;217;346;62.7;76.8;36.2;14.1;8.4;2.8;51.2;27.5;42.4;64.9;11.0;82.3;16.9;56.1;100.3;92.6;7.8;;;;;;;;;;;
20232024;NBBL;NBBL B;SEASON;TS Jahn München;20232024_NBBL_NBBL B_SEASON_TS Jahn München;18;3625;1260;443;216;659;276;214;52;331;303;1256;201.4;70;24.6;12;37;15.3;12;3;18.4;17;70;320;701;45.6;136;505;26.9;456;1206;37.8;212;336;63.1;72.3;39.4;15.4;10.6;3.7;49.2;26.7;40.1;64.4;8.0;78.2;14.1;47.9;88.8;91.8;-3.0;;;;;;;;;;;
20232024;NBBL;NBBL B;SEASON;USC Heidelberg;20232024_NBBL_NBBL B_SEASON_USC Heidelberg;17;3425;1370;429;225;654;237;197;42;334;345;1297;201.5;81;25.2;13;38;13.9;12;2;19.6;20;76;365;745;49.0;135;478;28.2;500;1223;40.9;235;381;61.7;78.5;40.4;16.3;11.8;2.8;50.5;27.2;42.7;60.9;6.0;85.2;14.3;48.1;93.9;91.5;2.4;;;;;;;;;;;
20232024;NBBL;NBBL B;SEASON;VfL Kirchheim Knights;20232024_NBBL_NBBL B_SEASON_VfL Kirchheim Knights;14;2800;1029;342;176;518;245;111;38;246;261;1052;200.0;74;24.4;13;37;17.5;8;3;17.6;19;75;283;579;48.9;110;374;29.4;393;953;41.2;133;216;61.6;73.1;34.9;16.0;10.1;3.6;47.8;29.5;41.1;63.3;7.0;76.3;15.2;48.6;96.4;95.8;0.6;;;;;;;;;;;
20232024;NBBL;NBBL B;SEASON;Würzburg Baskets Akademie;20232024_NBBL_NBBL B_SEASON_Würzburg Baskets Akademie;16;3200;1363;458;201;659;264;122;53;343;288;1437;200.0;85;28.6;13;41;16.5;8;3;21.4;18;90;397;746;53.2;99;301;32.9;496;1047;47.4;272;402;67.7;80.1;33.8;15.1;12.8;3.1;49.5;25.9;40.8;64.3;12.0;83.2;16.7;57.3;102.4;96.3;6.2;;;;;;;;;;;
